zone_id,hour_of_day,day_of_week,vessel_count,avg_draft_m,weather_wind_knots,weather_visibility_nm,tide_height_m,quay_crane_utilization,yard_occupancy_pct,congestion_index
A,6,3,7,14.88,14.8,9.7,2.68,0.435,0.565,48.21
A,11,1,2,15.64,19.4,4.1,2.2,0.705,0.331,38.83
A,18,3,18,14.97,13.6,6.4,2.54,0.416,0.465,57.65
A,6,3,8,14.49,11.1,8.4,3.43,0.314,0.265,36.82
A,17,1,3,13.25,13.9,8.2,4.06,0.537,0.819,55.71
A,23,1,7,15.0,7.0,5.2,3.15,0.05,0.317,27.41
A,10,2,13,15.62,7.6,6.8,1.54,0.475,0.632,73.58
A,23,4,9,16.13,12.2,9.7,4.27,0.459,0.445,50.17
A,6,2,2,15.49,13.3,6.8,4.19,0.425,0.502,32.68
A,10,4,8,13.9,20.4,8.2,4.71,0.457,0.521,51.91
A,0,0,6,12.74,14.9,8.1,0.9,0.195,0.391,45.0
A,11,6,9,13.82,2.8,10.3,2.27,0.652,0.401,55.1
A,4,0,7,14.91,12.1,7.0,3.57,0.525,0.587,48.91
A,22,3,6,13.67,18.6,6.1,3.15,0.322,0.376,37.48
A,8,3,16,14.6,9.9,9.4,4.18,0.399,0.573,57.46
A,8,0,11,11.54,16.4,9.5,3.43,0.356,0.327,47.93
A,15,1,10,14.95,13.1,8.6,2.54,0.614,0.398,55.17
A,19,5,12,15.96,14.3,9.4,3.52,0.761,0.414,62.89
A,15,4,12,13.35,8.0,5.0,4.26,0.615,0.55,66.53
A,11,2,6,13.57,20.0,7.0,3.21,0.463,0.674,56.67
A,4,3,4,15.67,13.0,7.2,2.95,0.316,0.436,34.08
A,2,3,6,15.43,21.7,6.7,3.44,0.274,0.201,31.33
A,7,5,11,13.53,21.8,7.6,4.39,0.307,0.626,57.15
A,22,1,8,14.81,12.8,9.4,3.83,0.384,0.486,47.99
A,11,2,7,12.7,13.9,5.6,5.4,0.596,0.276,39.67
A,21,0,4,14.1,27.3,7.8,2.4,0.256,0.376,38.21
A,14,2,14,15.49,12.8,8.5,2.47,0.389,0.602,58.56
A,4,1,5,16.49,10.4,6.8,5.14,0.073,0.399,29.86
A,15,4,11,16.48,5.4,11.6,4.59,0.562,0.415,57.1
A,11,1,12,15.22,9.5,2.9,2.84,0.946,0.563,78.91
A,12,3,12,14.68,23.0,8.7,2.06,0.567,0.525,65.42
A,11,2,12,15.77,8.5,5.6,2.74,0.284,0.487,53.47
A,7,4,8,15.52,15.4,6.0,3.6,0.412,0.57,52.37
A,9,4,12,15.23,12.5,7.8,2.46,0.717,0.639,68.57
A,2,0,9,11.8,2.0,7.3,3.63,0.222,0.335,42.39
A,14,4,11,13.53,4.9,8.1,2.82,0.545,0.53,62.62
A,10,1,10,14.6,10.9,10.1,4.17,0.506,0.472,51.99
A,5,2,10,14.78,10.5,8.5,1.28,0.227,0.478,61.87
A,11,5,7,15.5,8.2,3.4,4.79,0.619,0.27,48.86
A,8,6,12,16.34,11.9,8.4,2.82,0.51,0.555,62.14
A,10,3,10,13.57,12.8,8.6,2.72,0.668,0.723,71.45
A,15,6,17,13.53,7.6,6.2,4.34,0.232,0.283,42.9
A,19,4,7,15.09,5.4,11.5,3.12,0.541,0.466,46.28
A,21,2,8,14.83,2.0,5.5,3.21,0.187,0.356,37.49
A,13,0,6,15.14,21.8,10.9,3.57,0.717,0.41,51.31
A,17,3,8,16.5,25.4,6.6,3.42,0.725,0.506,66.17
A,14,2,11,13.96,3.0,11.8,3.44,0.636,0.274,53.58
A,9,0,5,14.43,15.6,7.4,4.43,0.483,0.327,36.81
A,22,6,2,16.3,7.2,8.7,4.3,0.315,0.322,25.48
A,18,2,8,15.75,11.1,7.3,0.9,0.329,0.562,58.08
A,14,0,10,16.5,10.2,5.2,3.4,0.612,0.504,58.41
A,13,1,11,16.42,11.0,7.8,3.64,0.566,0.406,56.65
A,12,1,15,11.55,7.7,5.5,2.49,0.736,0.37,61.25
A,2,0,4,14.5,38.2,9.7,2.06,0.127,0.327,45.04
A,1,2,3,15.18,8.6,6.4,2.29,0.05,0.285,20.06
A,3,6,8,15.59,12.6,8.5,3.82,0.05,0.45,40.81
A,12,3,7,15.27,14.3,11.3,2.97,0.607,0.517,52.06
A,12,2,5,15.99,33.8,3.2,3.89,0.835,0.378,69.95
A,2,5,5,16.31,9.4,4.8,3.84,0.357,0.41,38.28
A,2,4,5,13.68,18.7,8.0,5.08,0.498,0.449,41.29
A,18,4,13,13.49,4.4,7.5,4.11,0.533,0.235,50.24
A,18,5,10,15.18,7.4,6.6,3.9,0.525,0.772,66.48
A,5,0,4,13.52,26.7,8.4,4.34,0.212,0.289,32.33
A,7,4,2,14.04,24.7,11.9,4.5,0.484,0.543,45.05
A,5,6,9,14.43,14.8,5.0,2.98,0.5,0.356,48.39
A,23,4,5,15.07,31.3,10.5,3.4,0.237,0.362,46.92
A,13,4,10,15.81,4.0,10.9,4.38,0.619,0.43,51.49
A,10,5,6,12.95,10.4,11.2,1.96,0.499,0.482,55.11
A,5,4,6,15.34,30.9,10.0,2.08,0.138,0.412,46.05
A,7,0,7,13.16,5.2,3.3,2.71,0.299,0.245,40.48
A,15,2,14,11.31,2.9,4.8,2.82,0.303,0.455,49.93
A,13,1,9,14.42,16.4,5.8,3.99,0.427,0.365,46.51
A,0,3,6,14.22,19.4,5.4,2.8,0.099,0.489,35.66
A,22,1,8,13.0,20.4,7.1,1.83,0.434,0.252,48.67
A,11,3,6,16.5,2.9,11.2,4.27,0.453,0.496,47.15
A,18,0,11,12.45,5.3,9.1,1.78,0.272,0.512,64.27
A,16,4,13,15.07,14.6,9.7,2.1,0.478,0.561,61.15
A,13,1,12,13.63,14.0,5.8,1.52,0.688,0.404,70.03
A,6,2,10,15.17,3.8,7.2,3.51,0.552,0.466,53.28
A,1,4,3,12.91,28.5,6.0,2.32,0.207,0.341,34.79
A,16,4,12,15.71,7.4,7.6,3.96,0.613,0.654,68.69
A,15,5,14,15.73,13.7,6.7,1.82,0.397,0.813,78.36
A,6,0,9,14.32,25.0,6.7,3.13,0.807,0.42,65.22
A,13,6,13,12.09,21.4,7.4,0.91,0.687,0.346,71.71
A,3,4,11,15.5,18.6,8.1,3.18,0.226,0.427,46.71
A,15,3,8,12.48,3.8,6.6,2.89,0.371,0.339,39.06
A,15,0,8,14.21,7.4,8.7,1.51,0.529,0.6,66.94
A,21,4,5,14.35,9.4,8.6,4.51,0.05,0.362,27.29
A,9,2,17,15.46,21.7,6.3,3.9,0.288,0.524,57.89
A,1,2,12,14.06,17.3,8.1,3.57,0.531,0.429,55.85
A,14,5,8,15.56,7.0,6.4,3.45,0.666,0.498,59.72
A,2,1,5,15.82,13.6,9.9,3.27,0.184,0.273,25.69
A,12,0,7,13.39,17.4,7.4,3.81,0.589,0.435,51.24
A,11,6,11,15.28,3.4,7.0,3.41,0.467,0.642,59.54
A,4,4,6,13.83,16.5,9.2,4.27,0.244,0.267,33.81
A,19,4,8,13.75,11.5,10.0,2.7,0.329,0.486,45.44
A,10,3,13,15.06,17.2,8.4,3.47,0.717,0.459,60.51
A,5,6,3,13.56,17.8,8.6,5.09,0.05,0.652,32.02
A,20,6,9,16.45,2.0,6.1,4.23,0.312,0.481,44.25
A,8,5,12,13.81,9.6,9.5,1.31,0.494,0.536,70.99
A,17,5,6,15.96,18.7,8.1,3.72,0.561,0.426,45.39
A,14,5,7,16.3,20.0,5.6,3.24,0.488,0.468,46.53
A,1,5,5,16.5,17.8,6.4,2.71,0.138,0.383,32.68
A,7,1,11,16.02,17.1,12.0,2.97,0.664,0.759,71.45
A,8,3,14,14.06,14.2,6.1,2.67,0.559,0.462,59.15
A,22,2,5,12.93,23.3,5.6,3.19,0.184,0.186,24.92
A,6,3,9,15.86,10.8,9.4,4.04,0.549,0.873,73.01
A,20,1,11,15.79,12.4,3.9,2.57,0.525,0.596,65.59
A,7,4,6,13.75,15.7,8.2,2.88,0.493,0.302,38.2
A,23,6,10,15.88,3.9,8.3,3.1,0.076,0.447,43.11
A,23,3,5,14.44,16.4,2.9,3.48,0.423,0.319,42.01
A,0,0,3,14.08,10.3,9.4,4.54,0.237,0.496,32.74
A,14,5,14,14.19,11.3,7.6,2.44,0.355,0.484,52.99
A,16,2,11,15.6,15.3,2.9,5.4,0.556,0.395,58.97
A,22,1,9,15.22,7.7,9.3,1.86,0.278,0.344,52.99
A,16,3,11,14.74,10.9,8.9,3.36,0.639,0.561,60.08
A,1,1,10,12.56,20.5,6.9,2.64,0.14,0.386,42.84
A,12,0,10,15.45,10.1,9.7,1.73,0.295,0.633,68.42
A,18,3,16,16.5,22.3,6.8,3.16,0.544,0.357,58.96
A,8,2,12,15.25,13.1,3.9,3.39,0.425,0.21,50.88
A,11,2,11,16.08,13.3,7.8,3.62,0.433,0.354,47.26
A,13,4,10,15.05,37.8,7.6,4.05,0.523,0.401,72.84
A,12,3,15,14.61,24.5,8.2,3.63,0.375,0.43,56.44
A,23,3,9,13.51,11.6,8.5,0.9,0.565,0.38,64.45
A,14,1,11,13.94,6.4,8.2,4.86,0.352,0.397,50.39
A,6,1,11,15.2,18.2,5.0,2.92,0.45,0.56,62.52
A,21,4,1,15.97,28.1,6.3,1.69,0.611,0.339,52.87
A,21,4,12,15.67,22.3,8.8,4.99,0.221,0.305,44.61
A,5,0,4,13.27,34.0,6.4,3.43,0.365,0.189,46.74
A,11,4,13,12.87,11.4,4.2,1.74,0.516,0.499,74.21
A,3,4,2,15.15,7.2,5.5,3.29,0.207,0.54,33.08
A,19,2,6,13.19,10.5,7.7,4.06,0.672,0.509,50.01
A,6,0,11,14.69,39.6,6.0,1.91,0.333,0.316,82.14
A,2,3,2,14.73,12.0,8.5,2.62,0.515,0.553,39.88
A,16,1,3,16.5,18.2,11.4,3.49,0.437,0.457,35.22
A,2,1,10,13.98,9.2,9.1,3.33,0.618,0.263,50.94
A,0,5,2,14.84,11.9,5.7,3.59,0.05,0.464,23.24
A,11,3,10,14.58,3.2,8.1,2.33,0.32,0.565,50.69
A,18,4,11,14.24,26.5,6.3,2.75,0.401,0.456,61.43
A,0,3,5,12.97,17.7,6.2,2.64,0.31,0.464,38.89
A,2,6,9,12.17,43.2,8.4,3.09,0.195,0.282,67.44
A,20,1,9,13.31,17.3,9.6,2.66,0.572,0.357,46.88
A,10,6,8,12.41,12.6,9.1,1.84,0.669,0.553,68.79
A,9,4,13,15.06,13.9,7.1,2.78,0.521,0.489,59.23
A,22,1,9,13.36,2.7,7.2,4.27,0.286,0.346,42.38
A,18,2,14,13.54,24.3,10.1,2.48,0.575,0.374,62.82
A,9,5,12,14.54,7.5,6.0,3.98,0.484,0.475,56.55
A,17,1,12,13.73,20.5,10.7,5.18,0.583,0.589,62.79
A,14,0,11,13.25,3.2,8.8,3.36,0.454,0.442,54.09
A,23,4,7,15.53,9.0,9.3,2.3,0.23,0.496,42.29
A,11,2,12,15.85,7.8,11.3,3.53,0.404,0.539,54.64
A,11,4,10,16.27,9.5,5.6,3.47,0.529,0.62,58.22
A,15,0,9,15.15,15.3,8.0,2.98,0.651,0.345,52.5
A,1,0,9,15.32,2.5,8.0,3.46,0.362,0.449,49.03
A,22,5,9,13.52,2.8,8.0,4.23,0.05,0.18,25.29
A,12,3,14,15.68,10.9,6.3,3.53,0.361,0.588,57.42
A,17,2,8,15.43,9.1,10.0,2.49,0.595,0.614,52.6
A,3,5,9,13.64,3.5,8.6,1.7,0.331,0.373,58.59
A,15,6,7,14.23,7.0,10.1,1.07,0.549,0.35,53.53
A,12,2,6,14.67,3.8,9.8,2.99,0.556,0.456,45.75
A,4,3,11,14.47,29.9,9.5,4.06,0.096,0.393,54.91
A,23,0,5,14.38,11.3,8.3,2.96,0.121,0.249,23.3
A,12,5,15,14.47,8.1,7.7,1.96,0.356,0.288,58.36
A,14,6,10,15.89,10.2,7.3,5.4,0.586,0.399,51.28
A,20,3,7,13.53,10.6,5.9,2.31,0.661,0.524,51.99
A,1,3,7,14.15,13.8,5.7,3.29,0.05,0.221,25.98
A,1,2,10,15.24,33.7,10.6,3.26,0.242,0.272,55.11
A,6,4,12,13.92,7.0,4.3,3.3,0.572,0.457,60.91
A,16,6,10,13.43,13.5,5.8,1.53,0.669,0.438,65.41
A,10,2,7,12.87,10.9,6.9,2.4,0.631,0.403,50.27
A,14,5,6,13.04,13.5,6.1,4.33,0.443,0.46,41.36
A,3,5,8,13.62,14.2,7.6,4.75,0.313,0.34,37.37
A,5,1,8,13.07,10.9,10.1,5.4,0.296,0.42,42.2
A,8,3,9,14.83,18.6,9.1,2.58,0.646,0.508,56.37
A,0,4,6,15.53,11.5,8.5,1.86,0.05,0.583,50.19
A,14,2,12,13.42,15.1,10.1,1.97,0.573,0.452,69.3
A,2,3,9,14.1,16.0,10.7,2.63,0.292,0.326,40.87
A,5,2,9,12.63,5.0,5.4,2.87,0.197,0.507,43.9
A,7,5,10,14.23,15.9,8.6,2.91,0.586,0.589,59.11
A,22,0,10,15.29,10.1,8.3,5.22,0.201,0.323,39.87
A,13,2,9,15.29,26.9,4.9,1.8,0.516,0.649,78.81
A,10,5,5,14.58,22.9,8.3,4.48,0.59,0.532,52.54
A,14,3,18,14.41,20.0,5.3,2.68,0.462,0.672,65.99
A,3,5,10,13.42,7.1,9.5,2.96,0.279,0.447,46.46
A,12,0,5,13.82,36.8,12.0,2.43,0.517,0.639,69.89
A,6,4,12,12.76,10.5,6.2,4.14,0.686,0.516,64.17
A,6,4,13,14.15,13.5,10.8,2.42,0.608,0.541,64.1
A,0,4,4,15.33,15.9,9.3,3.79,0.081,0.448,29.15
A,4,2,10,15.86,35.7,3.8,2.21,0.461,0.287,71.19
A,18,2,14,14.57,40.8,8.5,2.02,0.736,0.525,92.56
A,11,2,13,13.5,11.9,7.1,1.57,0.453,0.626,72.14
A,8,4,9,14.81,21.7,5.5,0.9,0.564,0.68,75.42
A,23,6,6,12.98,13.0,7.2,3.67,0.297,0.1,26.1
A,16,5,14,14.63,23.2,10.8,5.4,0.559,0.503,60.58
A,5,2,3,14.45,6.0,6.6,4.38,0.05,0.293,19.36
A,8,0,10,14.74,7.9,12.0,1.21,0.405,0.438,61.2
A,1,4,10,12.99,7.5,3.1,4.02,0.283,0.221,47.38
A,10,3,7,14.85,20.2,4.8,3.75,0.485,0.444,51.42
A,18,6,5,14.82,29.9,8.2,2.77,0.452,0.532,57.37
A,11,5,9,14.35,6.0,10.0,3.14,0.677,0.287,48.03
A,23,6,5,14.79,2.1,9.8,3.45,0.29,0.343,33.09
A,3,6,9,15.9,11.3,8.8,0.9,0.277,0.429,55.82
A,21,2,6,14.59,22.0,9.9,3.74,0.128,0.496,40.74
A,2,2,7,14.35,10.3,7.9,3.36,0.294,0.276,36.89
A,13,3,8,13.69,11.7,7.7,3.05,0.585,0.504,52.3
A,22,1,6,15.29,20.6,7.1,2.42,0.143,0.23,28.27
A,13,5,8,15.88,14.8,6.6,1.68,0.582,0.416,62.92
A,9,1,11,14.76,24.2,1.9,5.18,0.355,0.408,64.52
A,3,4,2,14.77,16.0,8.7,4.09,0.05,0.271,17.37
A,21,5,10,14.73,20.2,8.6,3.01,0.271,0.33,44.3
A,3,3,8,12.24,5.9,5.9,3.58,0.172,0.359,34.54
A,20,4,11,14.3,14.1,8.3,2.32,0.443,0.769,61.46
A,8,2,10,12.77,11.2,6.4,3.04,0.703,0.446,59.22
A,15,0,11,14.06,34.3,9.0,2.02,0.615,0.314,71.9
A,17,2,7,15.79,5.2,5.5,3.9,0.584,0.461,48.29
A,21,5,7,12.41,13.5,7.0,2.11,0.223,0.1,29.79
A,23,4,9,15.15,12.4,4.9,4.43,0.351,0.436,47.27
A,21,4,7,14.27,8.4,6.9,1.78,0.071,0.205,35.65
A,11,2,12,15.21,32.8,8.6,5.34,0.661,0.545,78.54
A,3,2,5,14.87,13.8,5.9,3.15,0.498,0.452,45.95
A,10,6,11,16.26,15.1,9.2,4.79,0.368,0.364,48.37
A,3,6,8,15.03,6.7,7.2,3.66,0.494,0.386,46.4
A,16,1,9,13.19,11.6,4.0,3.4,0.501,0.743,64.52
A,21,5,6,16.5,3.4,4.4,2.91,0.332,0.298,32.62
A,17,2,11,13.89,9.0,5.7,4.65,0.722,0.4,61.51
A,3,6,6,14.21,4.5,8.2,4.36,0.327,0.406,39.39
A,10,4,4,13.67,6.4,6.5,3.49,0.491,0.448,43.35
A,9,3,9,13.59,4.5,6.1,4.65,0.416,0.67,53.55
A,17,4,13,14.99,4.4,4.8,4.0,0.366,0.502,54.15
A,3,4,9,15.09,29.1,9.5,2.68,0.095,0.324,48.7
A,22,1,5,14.64,21.0,5.6,2.07,0.262,0.298,28.42
A,14,2,14,11.37,14.1,6.4,4.25,0.604,0.624,63.91
A,16,6,11,14.3,18.0,12.0,4.14,0.423,0.479,52.69
A,6,5,12,14.47,11.2,9.9,2.2,0.754,0.37,61.24
A,4,0,11,13.48,7.2,4.5,2.69,0.47,0.38,52.56
A,22,6,4,14.66,3.8,6.8,5.4,0.23,0.407,29.04
A,4,5,8,15.36,20.8,7.4,3.69,0.197,0.307,35.03
A,1,2,10,15.27,6.3,8.2,2.71,0.513,0.265,43.05
A,14,3,11,15.33,19.7,7.4,3.7,0.36,0.593,57.16
A,16,2,14,12.37,8.6,8.4,2.87,0.642,0.57,61.96
A,21,2,10,13.56,12.7,7.6,3.31,0.181,0.27,35.12
A,11,0,9,14.37,18.4,4.4,3.86,0.467,0.419,52.71
A,1,5,4,15.15,11.6,10.0,4.79,0.064,0.307,21.51
A,23,1,8,14.47,10.9,7.7,2.17,0.303,0.355,40.19
A,16,2,6,13.54,12.9,11.3,3.33,0.796,0.596,56.66
A,22,6,8,14.36,8.2,5.6,3.1,0.358,0.595,48.61
A,9,0,14,15.48,27.1,8.9,1.51,0.539,0.474,81.97
A,12,3,12,12.84,27.1,9.0,3.27,0.375,0.587,69.25
A,5,5,9,13.46,11.7,7.2,4.11,0.05,0.298,35.67
A,8,1,14,13.35,17.9,5.4,1.13,0.311,0.555,63.7
A,22,1,11,14.18,20.1,9.5,2.44,0.05,0.39,42.3
A,16,0,8,15.22,8.9,6.6,4.7,0.625,0.54,55.62
A,17,3,14,14.96,9.6,10.8,3.2,0.56,0.345,50.79
A,10,5,15,15.67,6.8,9.1,3.03,0.359,0.505,55.78
A,14,3,13,16.13,11.0,7.3,4.06,0.549,0.305,51.47
A,23,0,7,13.91,17.2,8.8,4.56,0.141,0.181,24.9
A,8,5,7,14.71,48.0,8.4,4.13,0.523,0.521,84.14
A,21,0,12,15.07,7.2,5.2,4.02,0.494,0.363,52.12
A,9,6,11,14.24,10.6,4.4,3.86,0.417,0.482,54.55
A,23,2,5,11.99,25.6,11.6,3.63,0.325,0.246,31.7
A,21,0,7,15.16,35.9,5.5,3.48,0.193,0.243,48.12
A,4,1,9,14.34,14.0,6.8,3.14,0.094,0.664,50.3
A,15,0,13,15.6,21.9,9.8,3.09,0.462,0.459,58.23
A,18,2,5,13.54,12.2,6.9,4.23,0.506,0.56,46.79
A,12,1,8,15.94,9.5,5.1,2.44,0.294,0.349,38.76
A,19,2,8,16.05,20.9,8.9,1.95,0.499,0.476,63.86
A,14,0,12,12.51,30.5,2.7,3.54,0.608,0.635,84.28
A,8,6,15,14.86,16.3,8.7,4.79,0.543,0.594,66.13
A,9,3,13,16.5,11.2,6.1,2.09,0.404,0.409,53.39
A,11,2,10,13.41,26.9,9.9,3.86,0.346,0.611,63.71
A,0,5,7,13.52,8.8,8.5,1.7,0.077,0.452,47.73
A,22,6,9,13.36,25.9,8.3,1.48,0.213,0.361,60.08
A,23,6,6,14.9,15.1,5.9,3.34,0.136,0.489,36.25
A,12,2,11,13.28,11.0,10.2,2.54,0.59,0.283,49.31
A,5,6,9,15.25,24.7,9.9,5.4,0.296,0.466,54.61
A,18,2,15,13.49,15.8,9.8,3.42,0.304,0.322,48.48
A,4,2,11,14.14,18.3,7.4,4.23,0.177,0.307,41.1
A,8,5,8,13.92,23.6,11.2,2.76,0.633,0.718,67.96
A,13,1,15,15.52,15.9,8.5,2.12,0.346,0.867,67.07
A,4,0,8,14.25,29.7,11.0,2.31,0.38,0.332,53.45
A,15,5,7,15.25,17.7,5.7,3.52,0.667,0.509,53.2
A,13,3,8,12.18,28.3,5.3,3.74,0.445,0.279,53.5
A,1,2,2,14.22,4.0,6.5,1.88,0.182,0.225,29.41
A,6,3,14,13.13,10.2,8.2,3.17,0.58,0.398,53.15
A,4,5,5,15.71,13.5,7.3,3.16,0.111,0.373,30.05
A,1,0,5,13.19,14.3,7.5,3.39,0.252,0.225,25.97
A,12,0,1,12.74,9.9,9.8,1.33,0.719,0.389,48.62
A,7,4,15,14.59,22.2,7.6,2.23,0.533,0.615,65.65
A,2,4,10,14.26,25.3,11.6,4.57,0.207,0.283,46.51
A,4,5,7,12.5,40.6,8.9,4.68,0.229,0.549,67.47
A,16,5,11,12.5,8.7,5.5,3.97,0.56,0.522,62.17
A,4,0,9,15.7,25.2,8.8,3.6,0.455,0.37,51.53
A,17,4,13,15.4,13.6,6.6,2.78,0.439,0.743,66.09
A,19,5,4,16.5,10.7,8.1,1.49,0.535,0.464,51.8
A,7,2,9,13.14,9.7,10.3,3.56,0.606,0.446,51.7
A,20,6,9,15.26,22.4,5.7,2.93,0.266,0.444,45.94
A,20,2,14,16.5,6.4,8.7,4.72,0.193,0.699,57.13
A,16,2,8,12.07,16.3,11.8,4.73,0.401,0.464,45.67
A,23,2,7,14.78,5.1,7.0,4.08,0.127,0.232,25.5
A,12,0,11,15.37,7.8,6.3,2.98,0.445,0.677,63.42
A,14,1,9,15.64,7.8,9.7,3.04,0.521,0.386,49.19
A,20,0,11,14.81,12.3,4.6,3.55,0.558,0.516,59.39
A,20,0,5,13.04,13.0,6.9,3.27,0.396,0.629,48.98
A,9,0,12,13.64,8.1,7.0,3.55,0.598,0.473,61.5
A,18,5,9,15.07,14.9,8.3,1.48,0.692,0.545,71.24
A,6,6,8,15.41,12.8,6.5,3.23,0.558,0.524,51.7
A,9,4,9,14.68,13.7,7.9,3.29,0.54,0.424,50.51
A,15,5,10,15.5,10.6,6.9,4.03,0.378,0.584,53.59
A,5,4,8,15.04,9.4,7.6,1.94,0.272,0.313,49.21
A,16,0,9,14.7,7.0,7.0,3.4,0.47,0.558,53.03
A,3,2,10,14.1,15.9,10.1,2.69,0.1,0.315,33.55
A,13,4,10,13.68,10.2,6.7,3.1,0.288,0.436,47.21
A,23,6,8,14.19,25.1,10.6,3.42,0.147,0.546,52.11
A,1,2,8,15.4,10.0,6.9,0.9,0.293,0.352,48.28
A,8,4,10,14.74,13.8,9.7,4.3,0.343,0.63,54.21
A,18,4,11,14.86,6.5,7.1,2.28,0.475,0.762,64.0
A,17,0,7,13.75,11.9,1.6,2.7,0.255,0.541,56.18
A,9,5,13,15.83,22.0,6.3,2.69,0.495,0.386,55.92
A,20,4,10,14.83,7.3,5.4,2.77,0.403,0.333,47.82
A,14,1,5,16.29,13.0,8.5,2.08,0.466,0.612,48.71
A,13,6,10,13.78,16.0,8.5,3.9,0.222,0.434,43.61
A,11,4,1,14.05,6.6,3.9,3.48,0.585,0.358,36.55
A,19,4,9,13.67,6.1,3.6,4.92,0.574,0.397,52.83
A,3,5,3,13.19,19.9,8.2,3.36,0.315,0.215,27.34
A,21,1,7,13.94,6.6,7.5,4.56,0.567,0.266,41.59
A,20,1,5,12.02,27.1,9.9,3.07,0.266,0.504,45.52
A,10,6,11,13.49,4.1,7.9,1.65,0.665,0.496,74.82
A,6,1,11,16.5,11.7,6.9,2.09,0.496,0.459,54.86
A,9,0,14,15.33,14.8,5.3,2.89,0.471,0.246,48.5
A,11,1,7,16.5,5.6,7.9,3.44,0.727,0.509,58.61
A,23,4,2,15.77,11.5,9.2,2.1,0.516,0.474,37.3
A,3,0,10,13.9,24.4,11.5,2.94,0.219,0.367,48.56
A,18,5,8,14.41,17.7,8.1,3.11,0.596,0.117,38.17
A,22,2,9,14.11,6.1,7.9,4.67,0.468,0.377,45.27
A,4,3,5,12.89,6.2,7.4,2.32,0.05,0.328,24.15
A,20,6,10,12.09,14.7,9.8,4.68,0.39,0.408,49.05
A,19,4,12,13.75,13.5,7.1,2.37,0.702,0.626,68.37
A,10,2,11,12.7,3.7,7.9,4.21,0.643,0.41,58.62
A,18,3,8,14.45,12.1,7.1,1.27,0.72,0.521,66.66
A,16,1,7,14.66,21.3,9.1,3.25,0.545,0.584,54.79
A,12,0,8,15.55,13.4,8.3,1.89,0.615,0.63,66.97
A,12,6,12,12.39,21.9,6.4,3.2,0.543,0.413,58.22
A,5,1,12,16.28,2.4,5.4,4.94,0.208,0.28,40.82
A,9,1,11,12.45,7.6,6.4,3.32,0.361,0.45,52.65
A,6,5,8,14.19,10.5,6.4,5.39,0.347,0.54,48.35
A,15,2,9,13.12,8.0,7.9,3.76,0.818,0.679,67.78
A,3,1,4,13.77,6.0,10.1,2.12,0.428,0.156,27.49
A,18,4,11,13.91,4.5,10.0,1.08,0.458,0.604,72.1
A,11,5,9,14.18,28.0,6.9,2.73,0.308,0.557,59.11
A,3,0,5,14.51,2.0,4.2,3.82,0.208,0.303,28.46
A,18,6,9,14.48,16.0,8.4,4.07,0.195,0.439,43.28
A,6,4,7,15.48,4.1,10.6,2.29,0.468,0.425,44.63
A,2,4,10,16.5,9.3,6.8,3.87,0.258,0.413,46.58
A,11,0,13,12.42,17.8,9.1,4.42,0.463,0.611,60.28
A,18,2,9,16.24,20.7,11.5,3.26,0.32,0.559,50.81
A,19,5,6,15.11,7.1,8.0,2.84,0.705,0.674,60.84
A,18,2,14,13.16,37.2,7.1,3.01,0.574,0.505,80.82
A,0,2,5,14.55,15.0,9.2,4.34,0.157,0.534,35.87
A,15,2,7,14.16,25.1,4.9,1.19,0.71,0.374,71.49
A,0,4,15,12.87,5.1,8.2,3.15,0.296,0.331,48.48
A,5,2,9,16.5,17.9,9.3,1.98,0.176,0.346,47.05
A,16,3,4,14.64,12.7,7.0,3.9,0.484,0.515,39.58
A,23,2,10,16.5,17.3,2.0,3.45,0.281,0.479,58.1
A,18,6,15,13.97,13.7,9.3,2.28,0.386,0.423,49.96
A,12,5,8,14.67,10.1,8.4,4.02,0.464,0.614,54.0
A,8,6,13,15.22,37.2,4.2,3.73,0.591,0.524,84.54
A,15,6,11,14.23,7.7,5.9,3.2,0.341,0.638,59.36
A,23,0,5,15.8,5.3,6.6,3.82,0.391,0.373,34.86
A,22,6,4,14.16,23.2,9.5,3.22,0.154,0.175,20.56
A,21,3,4,15.42,4.6,6.1,3.32,0.438,0.359,33.46
A,22,2,6,14.94,11.8,8.5,3.17,0.209,0.263,28.23
A,15,3,19,13.4,8.3,9.4,2.77,0.34,0.482,54.13
A,18,5,13,13.76,11.8,8.2,4.0,0.48,0.571,60.75
A,6,0,10,14.7,14.4,6.1,1.66,0.491,0.621,71.27
A,22,0,9,15.67,5.8,11.2,2.95,0.143,0.118,23.97
A,15,4,8,13.99,4.5,9.5,2.98,0.446,0.43,47.37
A,14,2,13,14.91,12.0,7.8,3.41,0.448,0.299,48.25
A,6,4,8,14.34,8.8,2.2,3.3,0.16,0.631,52.33
A,21,2,4,14.98,14.2,8.7,4.14,0.406,0.294,27.84
A,8,4,12,16.5,19.5,6.3,3.85,0.371,0.544,57.44
A,0,3,1,14.71,25.8,4.3,3.08,0.17,0.296,29.39
A,4,2,7,16.5,14.7,7.5,3.47,0.29,0.155,28.4
A,13,0,12,13.84,21.2,6.4,2.03,0.533,0.405,54.43
A,22,3,2,13.03,2.9,7.3,2.04,0.121,0.223,15.38
A,13,5,7,15.69,12.0,4.7,3.0,0.293,0.368,38.27
A,0,3,5,13.43,7.5,4.3,1.86,0.125,0.369,43.41
A,16,4,11,15.72,29.6,5.4,4.65,0.413,0.447,63.75
A,22,1,5,13.51,19.2,8.5,3.24,0.254,0.576,42.33
A,5,6,1,11.65,17.6,10.4,4.91,0.351,0.1,16.8
A,17,2,9,13.87,21.6,4.4,3.53,0.438,0.37,51.93
A,16,0,8,13.65,21.0,4.5,2.12,0.432,0.669,58.73
A,13,2,8,15.09,24.3,5.1,1.98,0.52,0.638,72.74
A,10,4,8,14.27,9.7,5.8,2.03,0.566,0.495,51.87
A,20,1,11,16.48,13.7,9.7,2.68,0.466,0.449,55.38
A,8,5,8,15.93,20.7,8.0,2.94,0.604,0.3,45.29
A,19,1,4,13.43,12.2,8.7,3.97,0.712,0.47,47.31
A,16,6,13,15.29,16.2,10.4,2.58,0.45,0.507,59.79
A,9,5,8,16.5,8.1,10.3,3.84,0.302,0.412,42.11
A,6,0,10,16.5,7.4,1.8,5.24,0.452,0.527,60.74
A,20,3,8,14.38,12.5,7.3,2.09,0.591,0.462,52.49
B,13,2,22,12.91,11.0,9.9,3.23,0.764,0.938,82.02
B,17,3,15,14.3,6.7,6.2,1.71,0.99,0.896,96.79
B,14,2,16,12.0,35.4,8.8,3.89,0.99,0.625,97.3
B,2,6,11,13.92,8.8,8.3,5.4,0.539,0.85,72.22
B,9,4,15,13.1,15.4,7.9,1.8,0.99,0.896,99.0
B,11,0,8,12.2,15.9,6.0,4.12,0.97,0.761,69.32
B,15,5,17,13.74,11.0,9.4,4.04,0.892,0.911,86.05
B,9,6,12,13.2,23.1,4.9,2.58,0.736,0.75,73.52
B,17,3,11,12.27,27.5,7.6,2.12,0.939,0.874,92.04
B,20,1,12,11.1,12.2,6.3,1.16,0.855,0.944,96.24
B,11,4,15,12.61,14.8,9.7,4.15,0.789,0.68,67.82
B,22,2,7,11.61,20.0,7.4,1.42,0.831,0.736,77.89
B,11,1,19,11.04,14.4,6.3,2.08,0.99,0.875,86.78
B,14,4,9,13.2,6.9,9.6,3.11,0.815,0.98,82.88
B,2,6,7,13.46,5.8,6.3,1.42,0.864,0.661,76.36
B,12,6,13,13.47,8.9,9.7,1.54,0.951,0.742,90.82
B,4,5,16,14.8,11.1,4.6,5.33,0.779,0.571,67.37
B,4,2,13,12.29,11.7,7.7,2.12,0.87,0.569,70.09
B,2,0,10,13.28,22.7,5.8,2.01,0.582,0.954,79.27
B,11,3,13,10.73,9.7,5.2,3.33,0.99,0.774,83.93
B,21,3,8,14.99,11.0,7.5,2.89,0.722,0.712,64.8
B,18,2,18,13.01,17.6,11.1,3.06,0.62,0.98,78.67
B,3,2,9,13.29,12.2,10.0,0.9,0.665,0.858,83.6
B,22,5,8,13.1,12.8,8.6,4.46,0.567,0.688,58.53
B,3,3,10,12.19,3.2,6.4,1.41,0.887,0.66,82.18
B,20,0,10,14.18,12.0,5.1,2.74,0.99,0.842,82.19
B,10,0,18,13.03,12.2,10.8,3.27,0.906,0.774,80.7
B,20,1,15,12.85,17.0,9.4,2.76,0.99,0.98,89.27
B,12,5,21,12.71,4.9,6.1,3.78,0.975,0.98,90.32
B,21,6,13,13.18,31.9,8.3,3.66,0.689,0.661,84.02
B,23,5,9,12.68,7.6,8.3,3.4,0.616,0.448,56.05
B,19,0,16,12.12,9.1,6.6,3.26,0.99,0.689,81.25
B,16,4,13,11.1,14.3,8.8,2.77,0.99,0.777,83.34
B,7,6,18,15.62,32.3,7.8,3.99,0.903,0.811,95.85
B,22,3,10,12.71,10.8,8.0,3.29,0.717,0.891,78.66
B,11,1,12,14.62,12.1,2.2,3.56,0.849,0.849,86.13
B,14,5,13,14.52,15.7,7.1,1.53,0.99,0.839,95.97
B,9,6,10,14.12,19.3,9.6,1.94,0.749,0.853,83.6
B,4,5,6,12.03,7.5,7.2,2.59,0.602,0.621,54.93
B,10,2,11,14.24,8.9,9.5,4.23,0.99,0.98,92.05
B,23,1,13,12.23,4.1,8.6,4.15,0.724,0.484,65.38
B,9,3,11,13.03,12.3,4.0,3.22,0.788,0.689,73.72
B,11,6,12,10.8,9.4,5.6,3.87,0.815,0.814,82.39
B,16,4,20,13.0,19.3,6.1,3.2,0.804,0.98,83.13
B,15,3,12,13.53,13.2,9.8,3.52,0.972,0.757,81.3
B,23,4,9,12.26,17.2,7.2,3.77,0.745,0.798,70.03
B,21,4,10,11.51,26.1,7.1,1.29,0.805,0.574,86.62
B,2,2,10,14.02,11.9,6.7,2.79,0.685,0.922,75.07
B,5,4,14,12.81,17.8,6.9,4.34,0.817,0.764,78.79
B,11,1,11,12.55,10.5,7.7,1.24,0.982,0.582,84.8
B,5,1,9,11.18,15.0,4.0,3.81,0.429,0.782,62.96
B,15,0,15,12.62,5.6,8.2,4.46,0.99,0.886,86.91
B,0,0,15,10.95,18.8,10.6,4.13,0.619,0.84,72.17
B,13,1,17,13.5,13.4,8.4,5.25,0.99,0.98,91.72
B,22,1,9,13.91,5.1,9.8,3.29,0.773,0.645,64.48
B,10,5,12,13.16,10.4,7.5,3.93,0.99,0.758,81.02
B,14,0,18,12.45,20.0,7.5,1.37,0.92,0.815,94.22
B,15,6,16,11.48,14.5,4.2,3.3,0.842,0.685,76.75
B,21,3,16,12.57,6.1,8.7,2.66,0.769,0.829,81.77
B,20,3,18,14.76,20.9,7.3,3.75,0.99,0.745,81.01
B,18,0,15,13.1,26.9,4.5,1.2,0.99,0.778,99.0
B,0,3,10,12.71,14.4,9.1,4.16,0.689,0.584,62.94
B,17,1,15,12.63,18.3,4.8,2.21,0.99,0.876,85.54
B,5,4,14,11.52,26.1,7.5,2.64,0.66,0.598,72.93
B,2,1,8,12.73,6.0,11.5,2.83,0.802,0.679,66.1
B,17,4,13,14.43,21.4,9.5,4.7,0.922,0.685,77.5
B,22,2,11,13.19,10.8,10.3,4.22,0.942,0.727,75.54
B,6,1,10,12.7,10.4,8.6,2.24,0.775,0.98,80.98
B,8,2,20,12.39,13.1,6.8,2.94,0.99,0.851,84.0
B,18,4,10,13.93,15.4,10.3,3.9,0.907,0.692,75.85
B,21,6,13,14.01,8.4,1.1,1.59,0.699,0.858,99.0
B,0,0,14,13.15,11.1,10.6,2.94,0.677,0.98,78.72
B,5,5,12,12.84,35.9,8.7,2.85,0.734,0.587,86.29
B,8,1,11,13.83,10.5,5.0,2.49,0.83,0.98,84.74
B,23,2,6,14.15,7.2,7.9,3.73,0.815,0.573,56.06
B,4,0,15,14.88,6.0,5.8,4.82,0.555,0.616,65.15
B,2,5,10,13.78,15.0,6.2,2.9,0.744,0.828,72.7
B,17,0,10,13.39,13.1,5.0,3.46,0.799,0.781,76.37
B,2,3,9,13.73,16.5,7.6,1.03,0.732,0.83,83.75
B,10,6,17,11.75,4.1,9.8,3.51,0.99,0.914,89.28
B,1,0,11,14.91,15.8,5.4,3.52,0.589,0.815,71.72
B,21,6,14,12.25,13.6,11.9,5.4,0.584,0.68,68.24
B,8,1,13,13.04,11.8,8.1,3.85,0.882,0.817,82.74
B,17,0,11,11.43,3.6,6.6,1.24,0.809,0.835,91.04
B,0,0,15,12.86,5.2,8.5,0.9,0.753,0.86,92.71
B,13,0,12,12.59,22.9,12.0,2.86,0.859,0.938,84.56
B,3,1,10,11.94,9.3,8.6,1.06,0.803,0.454,74.65
B,3,0,11,12.99,5.3,6.8,3.4,0.803,0.559,64.62
B,22,0,11,11.72,38.3,5.4,3.82,0.877,0.666,95.86
B,16,5,11,11.99,12.6,9.0,2.98,0.99,0.645,78.24
B,7,3,19,13.26,29.6,6.9,2.24,0.964,0.863,99.0
B,18,3,17,15.09,20.4,7.1,3.47,0.738,0.967,85.42
B,5,6,15,13.13,23.1,8.2,2.67,0.563,0.762,74.58
B,23,3,8,11.76,17.7,9.3,3.19,0.667,0.531,59.93
B,17,0,17,10.89,10.5,3.4,4.06,0.99,0.857,87.97
B,13,3,14,12.14,11.0,7.6,4.27,0.842,0.954,84.77
B,13,1,17,13.79,21.7,5.2,4.08,0.706,0.868,79.35
B,4,1,11,11.59,3.9,6.4,3.06,0.617,0.676,60.49
B,4,2,18,10.1,12.8,6.6,2.09,0.51,0.479,55.47
B,1,1,14,13.0,29.9,6.6,2.71,0.719,0.815,86.72
B,9,6,9,12.48,11.9,7.3,4.33,0.962,0.684,74.38
B,11,5,14,12.54,20.0,7.9,3.68,0.99,0.781,83.44
B,0,6,16,13.17,23.0,5.9,3.22,0.406,0.579,60.59
B,8,6,14,13.63,11.8,6.1,2.94,0.99,0.737,80.2
B,10,2,20,12.34,24.5,4.3,1.69,0.966,0.98,99.0
B,19,5,5,11.89,7.0,8.7,5.0,0.96,0.823,69.5
B,0,3,21,12.2,11.1,7.2,3.82,0.693,0.621,69.28
B,13,6,26,12.73,6.8,8.1,3.97,0.851,0.887,84.62
B,19,6,16,14.92,18.6,6.3,3.22,0.968,0.944,88.05
B,8,1,16,13.19,15.7,4.0,2.97,0.715,0.553,65.55
B,7,6,18,11.54,16.2,8.1,5.4,0.99,0.923,89.67
B,14,6,19,13.08,18.7,6.4,4.64,0.815,0.953,84.68
B,11,5,6,12.97,22.4,7.1,2.96,0.904,0.884,76.44
B,5,5,14,13.02,11.7,6.6,1.8,0.434,0.647,71.49
B,6,1,11,14.01,20.5,3.6,2.41,0.945,0.98,95.15
B,19,5,10,14.02,7.7,7.5,1.98,0.99,0.98,99.0
B,7,2,10,13.69,6.3,11.8,2.6,0.99,0.865,82.55
B,21,0,7,13.91,18.4,8.3,5.29,0.645,0.685,61.24
B,16,3,10,13.86,25.5,7.0,4.58,0.99,0.939,96.26
B,11,4,17,14.68,6.1,3.7,2.84,0.99,0.784,86.1
B,16,0,8,13.98,5.2,6.5,2.84,0.859,0.738,70.79
B,0,6,10,12.98,13.8,7.7,2.83,0.773,0.717,71.66
B,6,2,8,13.06,16.4,9.1,2.71,0.99,0.783,73.95
B,15,6,18,12.51,20.3,7.8,4.08,0.936,0.709,80.31
B,18,3,16,12.36,7.4,7.5,1.92,0.68,0.851,87.16
B,12,4,14,13.02,19.2,9.6,2.11,0.789,0.784,77.34
B,3,5,13,15.16,5.5,3.4,3.71,0.59,0.727,71.12
B,23,2,10,13.26,7.2,11.3,2.95,0.575,0.873,68.53
B,16,5,17,12.75,11.8,9.5,0.9,0.99,0.98,99.0
B,3,3,14,12.53,7.9,9.3,3.52,0.628,0.639,64.71
B,7,2,15,10.69,23.1,8.9,2.97,0.893,0.781,86.45
B,3,3,14,13.1,36.1,5.5,5.06,0.772,0.594,86.84
B,5,2,11,11.93,20.2,5.4,3.02,0.661,0.813,71.4
B,8,1,12,11.22,7.7,5.0,3.87,0.674,0.643,66.96
B,19,4,15,13.5,23.2,5.7,2.8,0.865,0.746,82.89
B,23,3,6,13.87,24.3,12.0,3.77,0.856,0.655,65.47
B,21,6,15,11.61,17.5,6.2,1.41,0.679,0.623,76.41
B,18,0,18,12.37,17.4,3.7,1.55,0.99,0.74,96.18
B,8,3,22,13.67,18.9,5.3,2.92,0.932,0.98,86.8
B,6,4,18,13.26,15.0,8.6,4.74,0.955,0.894,85.09
B,1,5,10,12.99,12.5,7.1,4.57,0.543,0.818,67.96
B,18,0,18,13.25,14.1,7.5,1.43,0.696,0.766,86.56
B,6,6,11,12.93,28.0,10.9,3.25,0.99,0.905,99.0
B,20,6,10,11.8,25.4,7.6,4.57,0.99,0.901,87.65
B,6,1,20,10.44,4.6,9.0,3.41,0.707,0.98,80.36
B,19,0,15,12.2,7.5,11.6,4.48,0.644,0.919,78.99
B,8,1,16,13.3,23.9,9.8,3.83,0.952,0.768,87.03
B,2,0,11,13.64,17.0,9.2,4.1,0.707,0.572,65.13
B,11,1,18,14.62,4.7,6.7,1.77,0.793,0.98,98.41
B,7,2,8,12.25,14.1,3.3,3.54,0.894,0.707,75.22
B,2,0,11,13.25,8.2,7.0,4.43,0.627,0.637,64.59
B,8,0,18,12.24,6.6,6.2,1.9,0.783,0.854,93.04
B,17,3,14,12.8,7.9,3.6,1.75,0.99,0.945,99.0
B,20,3,11,11.86,9.9,5.0,1.72,0.99,0.98,98.63
B,3,2,11,12.42,24.8,9.7,2.51,0.555,0.667,70.72
B,18,0,6,12.68,12.6,11.0,3.52,0.904,0.88,72.18
B,0,0,8,13.91,21.2,7.3,1.38,0.724,0.617,70.59
B,21,0,10,14.24,17.5,8.1,2.17,0.719,0.675,66.42
B,13,0,5,14.92,18.4,8.7,4.01,0.99,0.857,71.81
B,22,4,7,9.96,11.1,7.2,5.18,0.665,0.803,65.74
B,14,0,16,13.75,5.7,4.2,2.47,0.863,0.756,81.68
B,1,6,15,13.02,11.4,7.3,3.56,0.765,0.894,82.73
B,12,6,10,12.58,5.8,9.6,1.73,0.879,0.98,97.17
B,11,4,12,13.77,13.9,12.0,4.33,0.895,0.932,86.05
B,7,4,17,13.06,3.6,0.8,2.51,0.954,0.94,99.0
B,11,5,11,15.52,6.4,4.0,3.25,0.926,0.947,88.96
B,19,6,7,12.56,13.3,6.5,3.19,0.909,0.874,76.92
B,11,1,19,13.38,4.9,9.0,2.96,0.99,0.966,89.83
B,17,2,14,11.34,14.0,6.6,4.34,0.878,0.861,77.71
B,15,5,10,11.58,12.1,7.9,2.17,0.99,0.907,84.01
B,12,0,17,14.41,40.8,5.3,4.8,0.952,0.98,99.0
B,20,0,18,11.44,7.8,5.4,3.49,0.99,0.98,88.34
B,8,4,13,13.16,12.7,10.0,4.92,0.99,0.98,88.98
B,23,4,15,12.95,25.2,6.0,3.47,0.601,0.699,76.08
B,9,4,12,11.28,18.3,9.1,3.38,0.955,0.939,83.12
B,7,2,15,12.46,18.5,8.8,2.26,0.711,0.762,73.41
B,18,6,14,11.66,9.0,5.9,4.58,0.772,0.79,76.33
B,15,4,9,13.04,23.1,11.9,2.76,0.935,0.761,79.88
B,15,0,12,12.91,3.0,8.7,4.27,0.842,0.886,85.66
B,23,5,4,13.32,13.6,6.7,3.63,0.763,0.649,54.35
B,9,2,11,13.09,4.3,6.7,2.71,0.641,0.704,68.48
B,4,1,11,13.4,12.3,6.7,2.57,0.781,0.666,73.92
B,5,0,6,13.63,48.0,8.1,2.78,0.697,0.724,93.47
B,9,1,15,13.91,14.7,7.3,1.63,0.99,0.958,99.0
B,19,1,12,14.02,12.9,8.6,2.55,0.848,0.828,83.76
B,23,0,12,11.05,31.4,7.1,2.57,0.59,0.626,80.64
B,13,6,16,12.57,12.9,9.0,4.13,0.99,0.697,79.3
B,3,5,11,15.33,3.9,7.7,5.24,0.676,0.669,69.35
B,16,2,26,12.69,16.7,6.1,3.62,0.99,0.933,84.26
B,4,1,2,12.57,43.3,7.0,3.52,0.591,0.781,80.22
B,9,4,4,13.82,7.7,7.9,5.22,0.859,0.922,67.38
B,15,2,12,10.99,11.9,7.6,1.26,0.99,0.885,99.0
B,16,0,15,12.5,3.4,10.7,3.93,0.746,0.717,76.49
B,22,4,14,12.35,47.0,5.3,2.22,0.573,0.775,99.0
B,20,3,5,12.38,10.6,6.1,1.84,0.757,0.965,80.54
B,11,0,13,13.26,8.0,5.5,2.5,0.99,0.875,84.33
B,21,2,13,13.74,15.3,6.7,3.09,0.696,0.816,79.16
B,14,6,8,15.01,8.1,5.7,3.98,0.755,0.823,67.41
B,12,5,16,14.21,4.5,9.9,0.9,0.99,0.888,98.4
B,9,0,13,14.27,7.3,6.6,0.9,0.84,0.838,95.55
B,4,2,13,13.96,9.2,5.8,3.3,0.724,0.98,77.89
B,4,0,15,12.19,18.4,5.1,3.37,0.622,0.819,72.39
B,12,6,6,12.82,28.0,8.2,4.5,0.99,0.737,79.13
B,17,5,17,14.06,18.6,6.4,2.38,0.916,0.675,76.72
B,0,4,9,14.4,4.1,4.2,3.35,0.798,0.622,67.07
B,2,6,11,13.72,9.8,12.0,1.73,0.99,0.674,91.14
B,23,5,8,13.39,12.7,11.5,3.95,0.763,0.442,54.61
B,3,2,11,13.91,25.2,9.2,4.24,0.686,0.842,85.29
B,12,1,16,14.4,18.0,7.3,3.32,0.767,0.867,78.32
B,4,6,7,13.62,19.9,7.9,2.07,0.49,0.767,60.32
B,6,5,10,12.34,11.2,9.3,1.1,0.99,0.784,91.17
B,4,3,13,11.97,35.4,7.9,4.2,0.689,0.684,92.52
B,16,1,18,13.16,6.0,6.2,2.25,0.99,0.888,86.15
B,23,1,13,13.87,19.5,9.6,5.4,0.715,0.657,69.24
B,4,4,2,13.01,19.8,4.5,2.8,0.748,0.803,59.96
B,13,2,14,13.4,12.9,9.1,3.49,0.99,0.833,82.18
B,14,2,15,12.67,7.6,9.9,2.82,0.99,0.914,87.71
B,8,2,21,12.08,7.3,4.6,4.67,0.99,0.98,93.28
B,20,4,15,11.44,8.5,8.1,3.16,0.963,0.939,87.35
B,22,2,8,14.98,40.7,8.0,2.41,0.732,0.629,85.83
B,23,2,12,15.81,7.5,5.6,4.37,0.763,0.586,67.26
B,5,0,13,15.25,18.5,10.1,5.4,0.717,0.782,77.44
B,18,0,15,11.39,23.6,6.5,4.05,0.99,0.934,92.0
B,9,1,20,11.3,20.1,5.3,2.06,0.907,0.979,91.37
B,18,4,14,12.56,5.0,5.8,2.24,0.99,0.937,88.04
B,23,6,7,10.99,13.5,7.8,4.16,0.485,0.55,52.72
B,20,2,12,13.85,3.3,6.7,1.75,0.913,0.89,96.1
B,4,5,6,11.88,26.9,3.7,5.35,0.595,0.693,69.21
B,18,5,19,11.75,12.6,9.9,2.02,0.99,0.769,77.06
B,15,6,13,12.39,10.2,6.3,1.99,0.99,0.98,99.0
B,3,0,17,15.59,3.5,6.5,1.76,0.47,0.593,72.72
B,22,2,6,12.44,12.1,11.6,3.41,0.599,0.816,59.4
B,12,6,15,12.56,11.4,2.0,4.32,0.99,0.566,80.61
B,22,4,10,11.87,24.7,9.5,3.92,0.752,0.646,74.37
B,0,3,13,13.77,4.0,9.7,3.23,0.448,0.573,61.29
B,15,6,22,14.01,9.7,6.7,3.89,0.807,0.98,83.97
B,14,6,22,13.43,10.8,8.1,2.8,0.937,0.939,84.97
B,11,4,17,13.18,11.3,7.2,2.94,0.911,0.93,85.75
B,12,6,16,14.47,10.5,11.0,0.97,0.88,0.826,94.53
B,7,4,16,12.04,14.2,9.2,3.32,0.827,0.899,80.48
B,17,3,10,14.29,11.2,5.6,2.75,0.99,0.869,83.57
B,3,2,1,13.67,20.7,6.1,2.23,0.59,0.78,47.07
B,9,4,21,12.63,17.6,8.7,1.49,0.99,0.98,99.0
B,20,5,11,14.05,13.7,10.5,3.95,0.99,0.842,85.03
B,2,0,10,12.8,12.9,7.7,1.38,0.684,0.576,72.19
B,6,6,13,11.78,17.7,7.2,2.64,0.877,0.918,83.78
B,0,1,10,12.38,16.1,3.7,4.04,0.68,0.707,72.37
B,8,1,15,12.19,15.7,7.8,3.01,0.99,0.98,90.08
B,10,4,13,13.96,9.5,8.2,3.86,0.99,0.934,87.99
B,6,1,14,11.29,19.7,9.2,2.13,0.99,0.98,88.3
B,18,5,7,13.31,7.4,8.2,2.8,0.99,0.911,80.14
B,4,5,17,11.76,11.6,6.1,1.22,0.751,0.74,84.92
B,18,1,16,12.83,11.1,8.7,4.63,0.873,0.867,83.31
B,9,1,8,11.0,11.2,5.3,1.57,0.969,0.689,82.33
B,2,4,13,12.4,12.2,10.6,1.68,0.81,0.808,88.77
B,20,0,12,13.87,4.9,7.8,3.65,0.907,0.758,78.42
B,21,4,13,10.98,17.9,7.2,1.87,0.581,0.797,82.68
B,19,6,6,14.19,45.9,8.2,4.34,0.916,0.741,99.0
B,6,4,13,13.9,2.9,9.2,3.97,0.918,0.98,85.41
B,20,2,19,11.48,10.4,11.2,4.74,0.935,0.71,77.32
B,22,3,14,14.06,8.6,5.8,2.78,0.698,0.602,64.76
B,11,6,9,14.71,27.2,9.4,3.85,0.96,0.98,95.98
B,16,0,9,13.48,19.7,8.8,3.96,0.662,0.886,68.9
B,3,3,11,11.91,15.2,8.3,2.13,0.698,0.779,72.62
B,21,6,12,11.8,18.7,8.9,3.0,0.626,0.778,70.2
B,8,5,10,13.82,23.4,9.7,2.89,0.976,0.699,78.28
B,3,2,15,11.06,5.9,8.1,3.88,0.68,0.746,70.77
B,15,2,14,14.52,17.8,8.6,3.12,0.893,0.967,88.58
B,15,5,20,14.08,14.5,7.7,2.42,0.99,0.84,84.2
B,14,1,7,14.59,9.4,6.2,3.77,0.99,0.529,61.43
B,11,0,14,10.96,7.7,7.9,4.21,0.99,0.932,91.1
B,23,6,5,11.74,14.0,7.9,3.49,0.602,0.73,55.37
B,11,5,5,13.38,10.4,9.1,2.44,0.99,0.98,75.13
B,14,5,12,12.09,8.0,6.6,2.46,0.906,0.866,80.4
B,19,6,14,12.78,13.1,6.1,1.5,0.837,0.918,93.62
B,14,0,12,15.18,5.6,10.9,3.45,0.911,0.84,83.3
B,22,5,14,9.75,8.2,5.5,3.32,0.63,0.689,69.27
B,0,1,12,13.15,20.6,9.2,1.47,0.767,0.71,85.32
B,7,0,17,12.94,12.8,7.8,2.4,0.794,0.637,69.7
B,9,5,16,12.16,11.0,8.5,4.64,0.793,0.962,85.85
B,15,4,19,12.82,2.5,4.4,4.54,0.944,0.563,73.8
B,3,4,15,14.71,25.9,8.1,2.29,0.689,0.652,78.24
B,11,0,21,14.03,17.2,9.9,4.75,0.757,0.858,75.99
B,11,6,14,13.45,12.8,7.8,2.1,0.826,0.746,79.72
B,8,4,18,13.78,9.7,7.0,2.09,0.94,0.775,81.85
B,3,6,14,12.49,14.2,6.4,2.64,0.825,0.678,72.48
B,8,3,13,11.19,21.9,7.3,5.4,0.99,0.869,87.77
B,12,2,9,10.96,12.7,7.3,3.29,0.99,0.859,79.77
B,8,0,12,11.76,7.7,3.5,2.96,0.99,0.949,93.3
B,0,3,11,11.4,4.6,9.1,4.27,0.546,0.564,62.16
B,0,5,5,12.16,16.9,8.7,4.89,0.661,0.889,65.51
B,4,3,12,10.95,2.9,3.6,2.2,0.647,0.783,74.44
B,11,3,7,14.43,28.9,2.4,1.04,0.95,0.672,96.96
B,7,5,21,13.6,9.1,5.9,1.55,0.926,0.849,94.41
B,9,2,15,15.19,9.5,8.5,4.22,0.869,0.638,73.11
B,4,6,10,11.44,5.7,9.3,5.4,0.713,0.752,71.4
B,19,3,17,13.15,9.4,9.6,3.24,0.953,0.643,79.17
B,10,4,12,14.08,7.7,11.6,3.3,0.99,0.98,90.59
B,3,0,16,14.26,13.6,7.6,4.86,0.788,0.835,76.74
B,10,4,15,12.5,16.0,7.5,0.9,0.923,0.726,88.64
B,14,3,12,12.06,19.0,5.6,4.7,0.99,0.924,87.77
B,18,1,11,13.75,17.3,8.6,2.63,0.875,0.695,77.92
B,6,6,15,12.78,7.6,5.7,3.49,0.872,0.648,74.02
B,22,5,14,12.13,7.3,6.6,4.38,0.548,0.546,65.7
B,20,1,12,13.28,18.5,8.2,3.68,0.665,0.764,70.27
B,1,3,7,13.02,27.7,7.2,3.47,0.823,0.699,75.5
B,21,5,10,12.62,22.3,6.8,4.63,0.449,0.815,70.37
B,15,2,17,11.42,8.1,8.4,3.95,0.989,0.575,76.61
B,18,3,17,14.35,6.3,5.2,2.52,0.99,0.98,86.74
B,1,3,12,13.15,8.0,11.8,3.14,0.551,0.799,70.7
B,22,4,11,12.17,13.5,12.0,3.55,0.918,0.82,77.55
B,22,1,10,12.19,5.7,6.3,2.65,0.839,0.693,70.79
B,23,5,11,12.19,5.8,6.6,3.55,0.81,0.664,69.22
B,8,5,14,13.83,7.2,6.5,3.17,0.99,0.837,84.69
B,7,3,15,13.04,20.0,9.1,5.4,0.92,0.523,72.89
B,18,3,12,13.04,22.6,8.4,4.98,0.942,0.98,92.32
B,3,6,13,11.82,27.9,10.2,2.93,0.646,0.804,80.05
B,2,5,10,13.52,15.3,8.5,3.71,0.812,0.517,63.38
B,23,1,3,13.92,22.4,4.5,4.36,0.72,0.739,56.14
B,8,2,14,12.69,21.0,11.3,2.42,0.983,0.864,84.92
B,0,5,10,12.05,3.3,8.8,1.69,0.802,0.842,90.71
B,15,1,13,13.03,7.1,10.8,3.58,0.841,0.98,84.61
B,3,6,8,13.29,21.2,3.1,4.11,0.889,0.754,82.44
B,19,0,25,12.92,7.4,4.4,1.82,0.944,0.955,99.0
B,19,2,5,13.42,13.9,10.4,2.16,0.889,0.977,76.17
B,15,5,13,13.57,18.3,6.5,2.27,0.944,0.793,83.98
B,3,1,3,14.6,13.2,7.3,3.0,0.714,0.771,55.19
B,13,6,16,13.75,13.5,9.4,4.18,0.891,0.901,84.74
B,8,6,13,13.37,16.4,2.5,3.53,0.99,0.949,97.2
B,12,6,18,13.95,18.0,11.1,2.74,0.99,0.971,88.93
B,20,5,14,14.17,14.6,9.4,3.09,0.99,0.86,85.63
B,2,6,17,12.16,15.9,8.2,2.81,0.57,0.788,70.98
B,6,6,17,10.62,9.8,7.8,3.24,0.99,0.84,85.99
B,0,5,12,12.89,16.5,7.8,3.27,0.582,0.798,68.48
B,13,3,15,15.38,17.8,12.0,2.78,0.893,0.695,76.44
B,23,5,13,10.88,6.4,9.9,0.9,0.99,0.676,90.39
B,12,3,10,14.97,22.0,8.0,4.0,0.99,0.775,81.21
B,0,4,12,11.8,7.1,5.6,2.49,0.612,0.784,71.72
B,0,0,11,11.88,11.1,9.8,4.26,0.955,0.786,80.66
B,13,5,17,15.38,12.8,9.3,3.39,0.941,0.811,82.95
B,18,5,6,13.22,7.6,8.6,2.89,0.99,0.831,72.03
B,8,0,17,11.73,12.2,11.2,2.84,0.947,0.84,83.42
B,20,3,10,14.5,6.5,7.3,5.28,0.99,0.847,79.41
B,7,3,13,11.41,18.4,5.9,4.43,0.878,0.771,78.06
B,22,4,12,15.38,13.2,5.2,2.13,0.594,0.646,66.58
B,15,6,6,13.04,13.6,10.4,3.26,0.99,0.901,73.91
B,3,1,20,16.5,18.6,8.9,3.3,0.635,0.667,70.31
B,7,4,14,13.66,8.5,6.9,4.24,0.77,0.749,75.84
B,9,3,21,12.79,40.3,7.2,3.72,0.754,0.928,99.0
B,2,2,11,12.6,15.4,4.9,1.54,0.826,0.708,85.89
B,20,5,10,12.53,3.4,10.2,3.36,0.99,0.895,85.25
B,0,1,10,12.62,15.0,8.0,5.36,0.869,0.665,70.49
B,18,1,10,14.67,13.7,10.6,3.65,0.802,0.948,82.25
B,3,6,10,10.75,23.1,6.9,1.32,0.71,0.776,85.86
B,21,0,17,13.09,6.4,8.3,2.81,0.683,0.669,68.13
B,21,0,12,13.76,10.6,6.3,3.64,0.52,0.762,70.27
B,19,1,22,13.41,11.4,8.6,1.45,0.99,0.746,92.81
B,5,1,6,12.58,14.0,7.6,3.01,0.726,0.571,55.93
B,7,5,12,12.61,10.2,6.0,1.66,0.99,0.894,99.0
B,20,3,10,12.89,29.4,7.6,4.18,0.647,0.785,82.96
B,22,3,12,12.33,10.6,9.3,1.54,0.381,0.703,74.16
B,5,3,10,12.38,34.6,8.7,3.1,0.491,0.71,81.69
B,11,0,21,12.2,2.5,4.1,4.07,0.779,0.869,80.91
B,16,0,14,12.16,7.9,5.5,2.42,0.714,0.842,75.41
B,12,3,8,14.6,7.6,6.5,2.58,0.99,0.98,81.32
B,18,3,15,11.46,5.5,5.9,2.86,0.944,0.923,87.94
B,1,4,16,15.31,13.0,8.3,5.31,0.538,0.517,61.25
B,7,0,15,12.57,23.2,4.1,1.96,0.99,0.967,99.0
B,8,2,7,12.38,16.5,10.1,2.56,0.954,0.72,68.32
B,12,6,20,12.95,2.2,6.3,1.63,0.99,0.98,99.0
B,6,1,19,12.88,22.6,8.5,3.15,0.99,0.905,88.88
B,23,6,9,11.03,9.0,7.1,4.01,0.739,0.863,70.61
B,3,4,9,11.65,21.6,9.4,2.5,0.805,0.722,72.81
B,23,0,13,12.21,14.7,6.9,1.91,0.425,0.741,78.17
B,15,1,14,13.57,14.3,7.2,3.5,0.913,0.969,89.54
B,16,5,7,12.85,8.7,10.5,1.15,0.973,0.98,90.18
B,3,1,18,10.52,13.3,8.0,4.63,0.643,0.488,59.97
B,23,0,5,13.37,8.0,5.9,3.91,0.831,0.706,60.67
B,14,0,10,13.04,5.0,7.5,4.17,0.99,0.85,81.35
B,16,5,12,11.67,11.0,7.9,2.48,0.99,0.803,85.97
B,7,5,14,12.44,7.0,5.2,3.43,0.906,0.645,74.02
B,4,5,15,14.97,9.3,4.4,4.98,0.906,0.651,78.92
B,20,6,3,14.22,17.9,5.8,2.87,0.943,0.98,68.94
B,9,5,10,13.9,13.6,7.0,3.57,0.99,0.98,85.67
B,20,2,19,13.43,32.4,5.5,2.97,0.937,0.775,96.68
B,20,2,11,13.11,11.7,7.5,2.58,0.99,0.934,87.06
B,2,3,13,13.9,8.2,3.3,2.84,0.61,0.488,66.43
B,17,2,8,13.99,5.8,7.0,2.67,0.99,0.889,79.1
B,9,3,12,14.58,20.0,7.9,3.19,0.99,0.623,77.9
B,4,1,7,13.5,9.4,6.6,4.69,0.834,0.764,68.83
B,8,6,16,13.13,41.8,9.9,3.44,0.945,0.751,99.0
B,5,4,14,13.09,23.2,8.8,4.26,0.583,0.634,66.32
B,21,1,11,12.97,3.9,9.1,4.15,0.741,0.85,78.16
B,15,2,14,13.87,15.1,6.2,2.21,0.983,0.796,83.85
B,15,3,17,13.35,9.2,7.4,2.96,0.789,0.873,79.92
B,21,3,14,13.77,10.8,5.3,5.4,0.63,0.498,62.07
B,2,3,15,14.63,21.9,8.9,1.22,0.771,0.685,87.95
B,15,6,19,13.63,20.9,5.2,2.97,0.99,0.843,87.22
B,18,6,14,14.38,9.0,10.0,2.17,0.99,0.92,88.63
B,23,5,13,14.61,7.9,6.3,2.2,0.436,0.794,68.56
C,1,2,6,8.68,4.5,8.0,2.09,0.668,0.415,47.9
C,2,6,6,10.25,24.6,10.4,3.07,0.332,0.339,38.45
C,4,5,3,10.99,11.5,9.2,4.97,0.398,0.438,32.19
C,23,5,9,11.08,12.2,7.1,3.23,0.171,0.571,45.11
C,16,2,6,8.99,24.2,8.7,1.28,0.58,0.604,72.4
C,13,4,9,11.59,12.0,2.6,5.4,0.61,0.829,71.55
C,17,3,9,10.82,7.1,4.0,2.88,0.727,0.693,68.84
C,18,6,7,13.21,15.7,8.4,2.94,0.758,0.763,65.12
C,16,1,8,8.9,21.9,8.4,3.19,0.715,0.64,62.69
C,3,0,3,13.31,18.4,4.5,2.73,0.367,0.245,31.13
C,1,0,6,13.32,4.4,7.6,2.93,0.235,0.597,43.03
C,20,3,8,10.89,17.3,7.4,4.66,0.803,0.688,67.33
C,3,0,2,10.89,7.6,6.4,3.26,0.392,0.596,40.98
C,13,3,5,10.42,23.4,5.7,0.9,0.538,0.98,78.22
C,2,0,2,10.34,6.4,6.8,4.52,0.403,0.437,30.63
C,1,5,8,10.02,12.4,1.8,2.28,0.557,0.516,61.2
C,5,1,9,10.11,32.7,10.8,1.75,0.397,0.644,83.15
C,8,4,8,8.77,20.7,6.9,3.61,0.699,0.671,62.25
C,18,1,9,8.95,13.3,5.5,2.68,0.562,0.724,63.45
C,5,6,5,10.72,6.8,8.7,4.6,0.131,0.552,36.13
C,2,4,4,10.54,10.3,6.2,3.82,0.159,0.511,34.22
C,2,5,4,9.34,3.6,4.5,2.3,0.411,0.247,31.23
C,8,3,12,10.01,14.5,7.1,3.74,0.731,0.677,71.87
C,13,2,7,9.67,7.4,11.5,3.34,0.581,0.631,56.42
C,18,4,10,10.47,30.5,6.2,3.32,0.712,0.803,88.5
C,12,0,7,10.29,7.1,5.3,3.57,0.651,0.622,59.32
C,1,4,3,9.99,11.8,9.4,2.16,0.439,0.478,36.56
C,11,1,9,10.62,11.2,4.1,3.07,0.735,0.541,60.55
C,13,0,9,11.06,3.6,4.0,4.54,0.637,0.62,62.69
C,8,5,5,12.02,11.5,6.8,3.7,0.615,0.65,50.36
C,19,2,8,10.29,27.5,10.8,4.53,0.714,0.58,70.11
C,18,6,11,9.84,24.5,3.1,2.45,0.572,0.778,78.37
C,11,2,8,12.6,23.3,9.1,2.49,0.918,0.555,68.03
C,20,3,8,8.65,15.9,7.2,4.71,0.417,0.53,52.81
C,23,0,3,10.6,15.5,4.9,5.01,0.58,0.533,43.71
C,12,4,10,10.26,9.9,2.8,4.27,0.509,0.7,65.86
C,2,3,6,9.55,18.0,10.2,2.34,0.546,0.455,46.93
C,15,0,7,11.99,19.8,5.0,2.97,0.816,0.469,55.22
C,6,2,7,11.18,13.7,8.9,2.8,0.511,0.505,47.67
C,5,0,4,10.17,5.9,11.7,3.42,0.254,0.741,44.93
C,18,5,10,8.4,9.1,2.6,2.99,0.501,0.75,69.9
C,16,2,10,10.67,24.9,11.0,4.02,0.38,0.661,63.43
C,22,2,8,9.73,17.9,5.9,3.26,0.532,0.593,55.59
C,23,6,7,10.68,6.7,11.9,2.34,0.384,0.786,59.02
C,7,6,9,11.44,15.5,10.7,2.67,0.669,0.563,61.42
C,14,1,10,10.65,8.9,6.1,2.91,0.99,0.542,70.75
C,19,0,6,10.84,14.1,5.7,2.66,0.465,0.409,45.02
C,6,3,11,9.34,12.8,7.1,2.93,0.633,0.657,66.5
C,21,1,7,9.87,2.9,5.9,2.22,0.306,0.742,51.37
C,0,3,6,10.48,14.6,3.1,3.57,0.444,0.455,49.29
C,2,1,8,11.23,9.9,12.0,4.25,0.275,0.493,43.02
C,0,4,4,11.16,11.1,9.9,1.83,0.468,0.464,51.81
C,19,0,9,10.28,11.3,9.3,1.54,0.713,0.769,78.36
C,17,5,8,8.85,29.1,9.4,3.7,0.677,0.701,76.28
C,10,0,10,9.91,2.0,3.5,3.48,0.922,0.613,75.93
C,1,6,5,10.9,15.0,8.9,3.01,0.069,0.662,41.78
C,9,0,5,10.32,21.3,9.3,2.08,0.564,0.573,51.0
C,19,3,9,9.78,7.4,6.5,5.03,0.393,0.602,55.15
C,9,1,6,10.69,14.1,11.4,3.01,0.584,0.513,46.83
C,6,5,8,10.73,7.5,12.0,3.73,0.51,0.667,57.71
C,17,0,8,9.44,8.7,9.2,1.97,0.43,0.656,67.18
C,1,4,6,9.6,2.7,4.4,4.72,0.484,0.552,46.55
C,18,4,11,10.41,27.1,6.5,2.73,0.751,0.565,70.89
C,18,5,11,10.11,12.4,10.0,5.4,0.709,0.533,62.35
C,13,2,9,12.02,6.9,11.1,2.39,0.561,0.732,65.48
C,5,1,9,12.38,12.5,6.8,3.8,0.481,0.626,56.68
C,13,6,6,10.27,3.2,10.6,1.93,0.739,0.496,59.69
C,4,2,6,9.25,17.3,9.7,4.7,0.051,0.586,37.12
C,22,1,6,10.94,3.5,5.1,1.69,0.28,0.397,48.39
C,12,4,9,10.12,5.2,8.4,2.39,0.651,0.595,57.84
C,20,6,8,8.91,8.1,7.7,3.72,0.76,0.687,67.08
C,0,1,5,13.75,23.6,8.4,2.31,0.659,0.493,49.5
C,4,0,4,10.58,27.8,5.2,0.9,0.294,0.541,61.66
C,17,2,7,11.19,6.1,11.4,2.96,0.773,0.753,66.87
C,2,5,4,12.6,3.1,8.4,1.72,0.578,0.586,60.65
C,12,5,6,11.53,16.4,3.3,3.53,0.648,0.517,56.57
C,19,3,12,8.2,12.3,8.8,3.42,0.6,0.611,67.42
C,17,2,7,13.46,11.9,9.0,4.94,0.747,0.555,56.9
C,5,2,7,9.02,9.2,4.6,2.88,0.561,0.682,56.14
C,16,1,6,10.02,13.9,8.6,2.52,0.542,0.844,62.51
C,17,4,8,8.36,46.4,8.0,1.96,0.729,0.519,99.0
C,18,0,8,11.94,19.6,7.7,3.34,0.454,0.927,66.97
C,11,4,11,12.45,7.5,7.9,2.05,0.561,0.743,68.51
C,14,3,7,11.88,15.2,7.8,5.01,0.779,0.675,63.03
C,18,6,10,10.79,4.7,8.3,4.09,0.603,0.709,64.47
C,20,6,3,8.83,13.4,7.8,2.77,0.593,0.673,47.16
C,6,2,8,8.84,12.3,5.7,3.02,0.587,0.619,58.48
C,11,2,12,9.83,10.3,3.3,2.77,0.642,0.837,80.45
C,12,4,7,11.82,13.5,4.9,5.4,0.582,0.464,48.1
C,6,0,7,11.63,6.9,4.9,3.91,0.58,0.621,56.03
C,20,3,5,12.18,10.9,11.1,3.56,0.484,0.626,44.04
C,21,3,5,12.37,11.5,9.1,4.37,0.526,0.605,46.08
C,14,2,8,10.62,16.7,8.0,3.12,0.412,0.548,49.59
C,17,0,8,7.18,28.0,7.3,3.83,0.588,0.701,71.89
C,12,4,8,12.22,5.5,8.2,4.1,0.687,0.74,60.26
C,1,2,5,11.92,6.1,6.4,2.23,0.489,0.536,44.4
C,11,2,12,10.58,10.8,10.1,2.87,0.629,0.692,69.85
C,16,3,6,9.52,6.1,5.9,4.46,0.658,0.564,52.93
C,14,0,5,10.73,13.4,7.7,3.95,0.659,0.688,55.11
C,18,6,8,12.62,19.9,8.1,2.49,0.459,0.756,57.23
C,15,3,9,9.37,15.0,6.4,4.24,0.647,0.735,64.86
C,0,5,2,8.57,10.0,9.2,2.63,0.382,0.467,32.66
C,2,0,4,9.41,11.5,5.1,4.22,0.332,0.599,38.03
C,0,6,3,10.76,23.5,2.9,0.9,0.471,0.737,70.05
C,8,3,7,12.05,5.9,7.8,3.14,0.47,0.494,48.03
C,8,4,8,10.69,20.2,6.7,4.49,0.73,0.409,54.84
C,11,2,5,11.82,5.0,11.0,3.42,0.814,0.738,62.83
C,22,2,4,11.95,15.7,5.6,2.3,0.439,0.473,38.79
C,14,3,9,11.34,28.4,11.2,3.63,0.633,0.519,65.73
C,3,5,6,10.77,5.2,6.7,3.39,0.262,0.503,40.78
C,7,0,8,11.09,24.9,8.5,3.03,0.908,0.82,80.05
C,22,2,6,9.6,16.7,5.4,2.6,0.547,0.466,44.13
C,21,3,4,10.46,25.8,10.1,2.96,0.494,0.687,59.07
C,22,6,3,10.31,12.2,7.8,2.27,0.342,0.427,33.11
C,9,1,5,9.21,11.3,7.9,3.03,0.706,0.735,55.93
C,9,1,6,8.9,6.5,8.3,3.15,0.43,0.799,59.31
C,22,6,3,9.4,20.4,10.1,2.9,0.724,0.476,47.19
C,5,5,4,10.28,7.4,7.1,3.93,0.625,0.523,44.31
C,13,2,10,12.03,13.5,8.1,2.45,0.616,0.649,64.79
C,22,4,3,12.1,11.6,9.2,3.19,0.441,0.526,39.66
C,1,6,1,9.55,11.3,9.5,2.96,0.362,0.529,32.56
C,4,3,2,9.67,11.4,7.2,4.58,0.256,0.357,26.34
C,15,2,6,11.19,26.5,9.1,3.6,0.802,0.79,70.04
C,10,6,9,11.37,16.2,4.1,4.24,0.597,0.784,67.21
C,18,0,8,9.31,13.9,3.0,2.32,0.648,0.614,65.86
C,6,6,8,9.9,10.4,9.7,1.64,0.711,0.825,79.52
C,16,1,11,11.0,30.9,8.7,2.9,0.99,0.534,86.15
C,23,6,5,12.15,2.6,4.4,3.28,0.517,0.579,50.23
C,13,6,5,10.66,11.8,2.8,1.84,0.795,0.5,67.32
C,22,6,5,10.68,30.0,7.9,1.26,0.607,0.578,67.16
C,6,6,10,12.15,7.2,11.4,3.94,0.781,0.778,73.32
C,7,6,9,10.04,13.2,10.7,3.89,0.805,0.512,61.12
C,10,2,7,11.94,8.9,10.1,3.1,0.62,0.603,56.28
C,4,5,4,11.78,13.8,5.0,3.1,0.268,0.693,39.38
C,17,1,9,11.46,17.5,8.6,3.22,0.641,0.809,67.99
C,9,3,6,11.68,8.5,4.4,2.5,0.627,0.638,54.42
C,8,6,9,7.81,22.2,5.1,3.56,0.48,0.71,62.41
C,16,2,5,10.72,9.5,6.1,2.43,0.525,0.643,52.29
C,11,1,9,8.49,7.6,4.8,2.12,0.518,0.649,58.78
C,1,4,8,8.49,7.7,11.2,2.4,0.251,0.48,44.38
C,3,3,11,10.2,3.3,10.8,2.58,0.443,0.544,56.23
C,19,6,8,8.19,30.1,6.5,4.68,0.508,0.759,71.16
C,18,0,7,10.98,9.7,6.8,3.67,0.584,0.728,57.0
C,0,1,4,10.2,12.9,9.0,3.48,0.291,0.527,40.68
C,2,0,6,10.88,12.8,8.8,2.79,0.302,0.369,33.85
C,16,3,10,11.71,14.6,6.5,1.91,0.81,0.733,84.08
C,3,5,6,12.38,27.4,6.8,2.41,0.529,0.615,58.43
C,3,5,6,9.8,9.5,6.1,1.61,0.288,0.543,55.83
C,15,3,6,12.81,17.2,8.6,3.76,0.845,0.628,60.34
C,9,1,8,11.49,14.1,5.6,3.23,0.696,0.631,62.42
C,15,6,7,11.66,15.6,10.9,0.9,0.742,0.708,76.43
C,0,0,5,12.73,14.0,7.6,3.97,0.549,0.606,51.18
C,15,2,3,8.12,8.4,6.6,2.06,0.64,0.641,49.88
C,9,1,5,11.84,8.2,7.3,2.93,0.99,0.459,54.59
C,6,1,10,12.01,7.2,7.6,2.22,0.623,0.74,65.97
C,20,2,9,9.93,9.2,8.9,3.17,0.759,0.602,62.0
C,16,6,4,9.28,13.4,10.9,2.28,0.773,0.578,50.91
C,19,6,6,10.02,16.3,5.6,2.7,0.686,0.76,60.36
C,1,3,3,9.77,3.2,12.0,2.91,0.348,0.447,33.74
C,1,6,8,8.8,13.5,7.3,3.13,0.303,0.601,48.14
C,7,6,6,10.6,25.9,3.7,3.77,0.703,0.576,65.49
C,21,3,5,10.25,13.8,10.9,4.35,0.453,0.476,41.7
C,10,0,10,10.1,10.0,8.6,4.78,0.554,0.427,53.57
C,1,6,1,9.89,2.8,7.6,4.35,0.18,0.515,27.28
C,2,5,2,10.83,4.7,10.3,5.09,0.37,0.457,30.65
C,15,2,7,10.97,7.2,4.8,4.09,0.843,0.749,68.1
C,0,3,5,9.27,30.9,9.7,1.17,0.343,0.406,58.1
C,21,2,5,8.54,14.2,8.4,5.3,0.411,0.421,37.71
C,16,6,6,9.81,11.9,5.9,4.0,0.55,0.81,61.37
C,2,1,4,11.58,18.5,6.9,2.29,0.652,0.461,43.38
C,1,3,5,11.88,17.4,8.2,4.56,0.566,0.41,41.95
C,19,5,10,9.84,9.8,5.5,3.66,0.459,0.477,53.64
C,1,5,3,9.36,23.5,5.9,3.72,0.262,0.512,38.7
C,0,2,5,10.58,9.8,4.1,3.65,0.175,0.399,34.94
C,14,1,8,9.64,10.2,5.2,1.51,0.811,0.682,75.39
C,15,5,9,12.41,5.2,4.4,4.58,0.664,0.786,69.13
C,22,0,4,9.84,13.6,9.6,3.41,0.52,0.454,43.36
C,19,0,12,8.81,4.0,9.3,2.7,0.792,0.699,71.63
C,7,0,9,9.27,14.3,8.2,4.0,0.808,0.48,60.78
C,9,4,9,12.81,6.9,6.4,2.88,0.56,0.565,52.88
C,16,0,7,11.67,8.7,6.3,4.97,0.872,0.82,71.3
C,3,1,3,10.97,12.9,9.8,3.92,0.324,0.643,37.85
C,0,5,6,8.29,24.4,7.8,4.8,0.426,0.441,46.9
C,11,0,8,10.04,7.2,8.1,2.1,0.854,0.796,70.57
C,23,0,3,12.41,14.8,7.5,1.37,0.506,0.421,50.14
C,21,5,5,10.24,13.9,7.4,3.73,0.754,0.464,49.33
C,18,3,9,10.32,3.8,9.7,2.93,0.732,0.704,67.06
C,3,4,7,12.28,6.3,10.5,2.05,0.22,0.581,43.04
C,4,6,5,11.04,5.4,8.3,2.84,0.414,0.529,42.74
C,17,5,8,10.92,26.2,7.5,1.79,0.828,0.789,88.27
C,17,0,9,9.9,20.4,8.4,3.67,0.733,0.411,55.45
C,9,0,11,10.36,4.4,6.5,3.19,0.696,0.551,63.96
C,8,4,6,10.79,15.8,9.2,2.94,0.382,0.602,50.45
C,0,0,6,10.43,19.9,5.0,4.12,0.336,0.544,45.21
C,14,0,12,13.26,5.1,9.7,2.65,0.897,0.59,73.85
C,6,4,8,9.28,8.3,4.2,3.7,0.714,0.739,71.3
C,12,4,8,9.08,20.5,8.6,1.5,0.428,0.724,70.44
C,15,6,4,10.25,9.1,6.0,4.03,0.588,0.675,50.35
C,0,6,6,10.05,9.0,9.5,3.01,0.164,0.316,28.72
C,14,2,7,11.68,7.9,6.0,5.4,0.793,0.777,69.23
C,17,0,6,12.1,9.2,4.7,2.76,0.661,0.71,59.26
C,23,5,4,10.31,18.2,6.1,2.52,0.618,0.368,40.53
C,11,2,9,9.21,13.5,7.4,2.76,0.854,0.749,72.32
C,13,6,9,10.47,31.5,4.5,3.67,0.618,0.769,82.02
C,17,3,6,11.04,17.0,5.1,2.27,0.903,0.596,62.75
C,12,6,10,12.36,4.9,9.5,2.5,0.595,0.767,67.76
C,22,3,4,9.64,22.2,11.0,4.37,0.431,0.67,50.82
C,1,5,7,9.14,11.1,9.3,2.99,0.256,0.511,42.39
C,16,2,5,10.52,7.9,6.9,2.97,0.678,0.561,50.17
C,13,2,8,10.65,15.0,9.4,2.37,0.895,0.634,63.04
C,0,2,1,8.05,23.0,6.6,4.15,0.275,0.527,31.95
C,9,0,7,10.78,25.2,9.2,2.02,0.746,0.556,63.49
C,8,4,8,12.56,30.0,8.2,4.13,0.862,0.722,80.7
C,9,1,10,11.4,6.0,6.8,3.78,0.483,0.679,60.62
C,23,4,1,10.04,19.0,5.6,4.78,0.493,0.523,33.18
C,7,4,7,12.89,21.2,6.5,2.45,0.566,0.613,56.24
C,1,3,4,11.06,9.8,6.8,2.86,0.545,0.558,44.58
C,21,2,4,12.65,27.2,8.8,3.85,0.253,0.6,48.31
C,19,1,10,9.4,14.8,6.5,3.86,0.627,0.577,64.52
C,13,5,10,8.83,7.4,7.2,2.27,0.702,0.656,68.58
C,4,3,8,10.57,10.7,6.6,2.64,0.659,0.341,50.08
C,8,2,8,11.37,13.1,6.5,4.0,0.522,0.394,47.25
C,6,5,9,11.01,17.8,9.4,4.52,0.674,0.795,72.63
C,0,4,3,11.77,2.4,10.7,2.24,0.446,0.441,38.05
C,2,4,4,11.75,9.2,6.3,1.81,0.393,0.559,52.67
C,16,2,7,12.62,14.3,11.8,3.57,0.454,0.514,47.57
C,21,0,3,8.75,5.3,6.0,5.04,0.316,0.478,34.45
C,23,4,5,8.07,4.4,9.1,2.89,0.466,0.485,37.58
C,21,6,4,9.36,7.5,6.5,2.26,0.239,0.526,38.89
C,19,2,9,9.27,12.3,8.7,3.65,0.732,0.617,63.84
C,6,4,13,8.64,25.7,7.4,2.81,0.759,0.547,70.74
C,6,2,9,9.52,26.9,6.0,2.89,0.663,0.797,76.02
C,0,1,5,11.13,20.0,7.8,2.01,0.556,0.374,40.79
C,14,3,7,10.26,8.9,8.4,0.96,0.635,0.82,79.64
C,17,3,10,10.48,10.4,8.7,4.8,0.727,0.876,76.72
C,21,3,6,10.57,12.7,10.1,2.57,0.553,0.517,48.36
C,21,4,6,10.37,3.3,5.4,5.4,0.369,0.54,46.56
C,22,6,3,10.62,7.4,4.4,3.26,0.441,0.411,37.28
C,11,0,6,11.27,18.0,11.3,2.77,0.6,0.66,53.78
C,16,2,9,12.48,29.0,8.6,2.02,0.504,0.681,71.83
C,6,6,8,12.18,19.7,6.4,3.36,0.619,0.704,63.76
C,14,5,8,11.41,10.8,9.8,2.42,0.673,0.801,71.71
C,15,1,7,11.21,17.0,8.5,2.83,0.813,0.701,65.72
C,12,3,7,10.64,15.7,2.4,4.4,0.699,0.657,68.19
C,21,2,9,9.8,8.0,5.2,1.16,0.678,0.551,75.41
C,0,3,3,12.79,6.9,6.9,4.5,0.467,0.371,34.39
C,13,4,8,10.31,18.5,6.3,3.3,0.736,0.459,57.21
C,12,3,7,11.39,8.2,7.8,0.9,0.407,0.677,64.01
C,14,1,7,11.6,6.4,5.0,2.62,0.573,0.755,58.77
C,21,5,4,8.99,10.0,6.5,1.0,0.264,0.422,45.34
C,9,0,7,11.44,11.2,6.4,2.54,0.658,0.543,58.02
C,12,3,5,11.1,17.4,5.0,3.3,0.684,0.562,49.27
C,22,3,6,9.21,15.9,4.9,2.35,0.446,0.473,42.92
C,22,0,4,8.38,36.2,2.7,4.71,0.544,0.615,72.65
C,18,1,11,10.74,20.1,7.7,4.76,0.788,0.894,81.22
C,23,0,6,9.47,9.6,10.8,2.21,0.403,0.492,40.72
C,21,5,1,8.85,12.4,8.1,1.81,0.465,0.302,37.49
C,16,6,6,10.72,12.7,3.2,1.56,0.751,0.677,77.48
C,19,1,9,9.98,8.4,8.0,2.53,0.504,0.58,57.36
C,9,1,5,9.6,4.5,8.5,3.55,0.713,0.779,59.3
C,9,1,10,11.63,6.0,10.3,2.61,0.59,0.966,78.25
C,10,6,8,9.95,9.3,6.4,4.09,0.676,0.517,53.76
C,13,5,12,9.39,22.4,6.9,2.04,0.473,0.686,64.63
C,19,4,9,11.2,27.6,8.4,2.59,0.745,0.671,76.11
C,22,6,4,11.57,31.7,9.5,2.87,0.525,0.553,57.27
C,1,4,5,11.42,10.1,3.4,3.2,0.392,0.774,55.73
C,22,0,5,11.66,6.2,10.3,5.38,0.399,0.421,37.0
C,8,2,8,10.4,9.1,5.4,2.93,0.738,0.777,68.57
C,8,1,6,9.52,9.1,7.2,1.23,0.576,0.708,66.13
C,13,5,9,10.39,15.6,5.7,3.66,0.633,0.811,65.53
C,12,3,9,11.41,23.6,11.4,3.51,0.593,0.823,73.15
C,8,0,9,9.93,11.5,8.5,2.53,0.334,0.678,54.74
C,12,3,9,11.34,24.0,9.4,4.53,0.666,0.392,58.75
C,8,1,7,12.05,8.8,10.9,4.93,0.975,0.761,69.02
C,1,6,6,10.79,16.0,7.2,3.95,0.412,0.618,51.42
C,4,1,1,10.21,21.1,5.5,2.31,0.326,0.679,39.22
C,14,5,7,10.12,11.5,8.2,3.71,0.809,0.637,61.05
C,8,4,11,9.68,14.0,8.1,2.92,0.819,0.756,76.36
C,20,3,9,12.12,23.3,6.9,2.67,0.757,0.517,66.96
C,16,1,10,10.63,10.4,4.1,1.57,0.6,0.718,76.91
C,20,0,8,11.72,17.0,6.2,2.16,0.552,0.673,57.0
C,18,5,9,10.5,32.3,6.0,4.69,0.507,0.595,73.45
C,8,2,8,11.4,8.8,9.9,3.95,0.769,0.649,65.44
C,1,2,7,11.74,11.5,6.6,2.06,0.442,0.474,45.32
C,10,6,5,9.65,19.0,8.2,2.89,0.697,0.739,57.45
C,0,6,6,9.24,10.2,7.7,4.92,0.376,0.566,41.66
C,22,6,8,9.62,4.7,9.2,4.33,0.636,0.708,60.13
C,14,5,9,9.65,9.8,4.2,3.07,0.834,0.774,70.97
C,3,4,4,9.85,6.9,0.8,2.81,0.249,0.377,43.17
C,8,2,10,10.67,7.6,6.6,2.67,0.607,0.686,64.98
C,21,6,1,10.31,15.1,9.9,3.11,0.576,0.188,27.72
C,19,4,7,12.42,27.3,9.6,5.4,0.931,0.606,75.07
C,1,3,6,13.15,9.3,11.7,3.63,0.225,0.509,35.91
C,15,6,9,8.79,10.7,11.8,1.28,0.614,0.595,70.71
C,11,5,4,11.64,11.8,9.7,3.25,0.571,0.797,56.0
C,23,4,3,6.89,11.6,9.9,3.21,0.33,0.504,28.93
C,16,4,7,10.09,13.4,7.9,0.9,0.671,0.64,68.78
C,22,5,3,10.17,10.2,8.1,3.51,0.306,0.328,29.5
C,17,1,6,10.07,2.0,8.2,4.12,0.427,0.818,56.91
C,16,5,8,9.22,11.0,5.2,4.46,0.918,0.726,71.84
C,6,6,10,11.58,7.1,5.7,3.55,0.789,0.492,61.83
C,15,1,7,10.47,8.4,7.4,3.14,0.675,0.827,64.3
C,4,3,6,8.92,17.1,9.0,4.76,0.493,0.266,38.88
C,2,5,3,9.43,18.6,5.4,4.15,0.283,0.63,36.94
C,19,0,9,10.9,19.6,7.9,3.17,0.603,0.713,64.26
C,13,4,6,9.27,14.3,6.9,2.18,0.438,0.586,48.72
C,3,1,4,11.81,16.7,7.9,3.27,0.358,0.416,34.02
C,22,3,3,10.16,28.1,4.5,3.05,0.317,0.652,52.46
C,2,6,3,9.9,6.6,7.0,5.11,0.435,0.208,26.76
C,20,6,9,10.02,2.0,9.0,2.04,0.698,0.518,60.09
C,12,4,7,11.45,8.0,12.0,4.34,0.616,0.485,52.78
C,20,3,4,10.77,15.3,7.8,5.4,0.611,0.595,47.72
C,21,3,4,10.44,12.4,6.8,4.46,0.436,0.612,44.96
C,2,6,2,9.55,6.4,6.7,5.18,0.338,0.521,36.94
C,2,1,9,10.7,13.0,7.3,3.27,0.295,0.382,44.7
C,20,4,7,9.61,18.4,10.5,3.23,0.744,0.64,58.77
C,8,6,7,11.5,4.8,9.3,2.42,0.629,0.743,62.08
C,4,1,7,7.53,9.7,8.0,1.73,0.478,0.657,62.83
C,7,3,10,11.61,13.6,11.0,4.91,0.673,0.682,67.16
C,9,5,7,10.63,10.3,8.0,5.25,0.775,0.709,64.9
C,7,5,10,12.72,10.7,7.2,3.25,0.554,0.597,58.53
C,21,1,6,9.68,26.3,7.4,4.79,0.454,0.299,45.15
C,20,4,8,10.92,8.0,9.4,2.57,0.485,0.748,58.48
C,9,6,8,9.01,11.0,12.0,2.33,0.795,0.438,56.99
C,13,1,8,10.12,28.0,2.9,4.78,0.489,0.784,78.55
C,23,4,2,10.77,13.0,6.7,2.18,0.373,0.549,36.04
C,18,3,10,10.64,7.3,6.2,3.39,0.744,0.455,59.38
C,14,4,6,9.12,26.9,4.5,2.1,0.768,0.694,69.41
C,12,3,4,11.14,12.3,5.1,1.0,0.804,0.484,60.92
C,11,1,7,11.67,4.4,8.4,1.85,0.402,0.698,65.8
C,18,4,7,10.28,6.1,10.7,4.71,0.779,0.513,58.7
C,16,6,5,11.59,12.1,6.6,5.24,0.495,0.614,46.13
C,15,5,9,12.67,24.6,5.4,4.45,0.848,0.278,62.03
C,20,6,8,10.36,20.2,8.2,3.77,0.793,0.57,62.26
C,18,0,7,10.71,2.0,6.5,3.07,0.82,0.666,62.49
C,3,6,7,11.16,19.5,3.7,2.75,0.506,0.471,50.43
C,9,5,10,11.3,12.6,5.1,2.63,0.824,0.681,73.74
C,0,5,2,10.77,14.4,5.0,2.44,0.278,0.35,23.85
C,18,4,6,10.59,32.8,9.7,0.9,0.772,0.799,93.79
C,18,2,10,11.85,6.7,10.1,1.36,0.822,0.752,84.32
C,9,3,8,8.38,16.3,6.4,2.96,0.6,0.787,64.72
C,12,2,8,8.93,20.6,7.1,3.86,0.501,0.655,55.44
C,5,3,7,9.87,13.3,9.5,2.55,0.339,0.442,43.56
C,16,1,3,10.51,9.7,5.2,2.58,0.851,0.586,52.6
C,8,0,9,11.47,22.2,10.2,2.7,0.703,0.674,68.73
C,11,6,9,11.43,31.4,7.5,2.47,0.636,0.679,75.26
C,12,2,7,9.83,8.0,5.9,2.34,0.753,0.884,71.74
C,19,2,8,10.26,14.3,7.6,1.25,0.537,0.502,62.87
C,17,4,7,12.45,13.4,7.8,2.6,0.783,0.644,61.76
C,15,3,10,11.92,27.9,8.9,3.72,0.748,0.75,82.48
C,10,2,8,9.46,20.3,8.4,3.5,0.708,0.648,62.98
C,10,4,10,10.55,15.3,8.2,3.35,0.538,0.731,64.02
C,23,0,7,9.42,17.9,8.8,3.42,0.5,0.505,46.32
C,16,0,8,11.54,8.5,5.7,2.24,0.572,0.853,66.61
C,22,4,8,12.14,18.6,10.6,5.39,0.366,0.553,47.4
C,11,3,8,7.93,12.4,4.5,0.94,0.589,0.577,69.64
C,10,2,12,9.62,5.6,5.0,3.46,0.495,0.619,59.36
C,15,1,14,10.22,11.9,4.7,1.63,0.622,0.479,73.17
C,13,1,7,11.44,5.6,5.1,1.68,0.724,0.699,69.93
C,17,1,7,10.54,8.2,7.2,2.5,0.703,0.52,55.87
C,7,1,8,10.06,25.2,6.3,2.49,0.706,0.407,59.78
C,0,2,7,9.16,20.2,6.5,3.02,0.347,0.428,42.51
C,10,2,6,8.72,2.0,5.2,2.09,0.798,0.941,73.06
C,20,6,9,9.35,17.7,10.3,3.93,0.734,0.502,59.0
C,14,5,8,8.36,9.8,9.5,4.44,0.685,0.745,62.84
C,0,1,6,11.03,9.0,4.2,5.4,0.393,0.552,46.13
C,8,5,7,9.2,6.1,9.4,4.7,0.699,0.58,58.23
C,14,3,6,10.25,10.4,6.8,2.65,0.692,0.585,53.32
C,20,5,10,10.22,18.3,7.8,4.46,0.603,0.805,69.02
C,0,4,7,9.99,15.5,1.5,3.29,0.364,0.558,56.62
C,10,1,7,11.17,10.6,8.9,2.28,0.383,0.7,51.62
C,7,5,5,11.8,17.2,5.2,3.35,0.73,0.411,46.34
C,13,2,10,9.51,20.1,6.9,3.13,0.496,0.869,72.27
C,4,6,4,9.53,14.9,8.6,3.22,0.05,0.448,25.82
C,8,0,3,10.18,9.7,6.4,2.84,0.611,0.697,50.84
C,0,6,6,9.69,21.1,6.9,3.43,0.334,0.467,39.85
C,3,2,4,9.18,15.6,8.4,2.18,0.439,0.381,33.35
C,13,0,10,10.67,48.0,8.4,2.55,0.39,0.636,92.96
C,1,5,4,10.38,14.4,7.4,4.69,0.532,0.31,33.55
C,9,6,9,9.4,10.2,7.6,4.08,0.829,0.615,67.09
C,9,3,8,9.33,35.3,3.5,3.34,0.317,0.481,70.73
C,5,5,6,11.29,3.7,7.5,3.28,0.442,0.438,42.11
C,2,4,9,11.02,4.6,7.3,3.06,0.468,0.574,56.53
C,16,2,8,10.9,6.9,6.8,5.4,0.587,0.852,63.03
C,19,6,8,8.88,19.1,7.0,3.7,0.698,0.506,58.98
C,23,4,5,10.0,10.2,5.6,4.08,0.542,0.473,42.67
C,3,3,6,11.04,16.9,8.6,0.9,0.354,0.18,43.09
C,16,0,12,9.82,8.8,4.1,4.05,0.712,0.653,75.2
C,2,6,3,9.72,24.8,8.3,1.37,0.472,0.686,65.23
C,17,4,8,8.82,12.8,10.0,4.45,0.732,0.685,61.12
C,15,4,10,11.59,13.4,6.9,2.96,0.6,0.53,56.6
C,6,0,9,9.92,11.1,7.4,1.33,0.598,0.776,77.69
C,14,1,8,11.65,14.4,8.7,1.85,0.647,0.666,72.81
C,21,3,6,9.19,3.9,8.3,3.67,0.553,0.474,45.48
C,0,4,3,11.91,33.6,7.7,2.43,0.462,0.515,53.32
C,13,1,6,10.36,6.6,7.1,1.08,0.731,0.737,74.51
C,18,3,6,9.64,17.3,8.3,5.4,0.41,0.675,47.25
C,3,6,3,12.65,10.2,9.3,3.82,0.432,0.622,39.46
C,23,6,5,11.24,12.7,4.8,4.22,0.467,0.555,45.18
C,16,4,6,12.04,14.9,9.3,2.13,0.576,0.604,48.7
D,21,6,7,15.84,10.6,8.2,3.37,0.106,0.566,44.49
D,10,0,8,14.33,6.5,8.6,1.97,0.685,0.699,75.34
D,12,3,5,14.01,13.9,12.0,3.18,0.713,0.641,55.51
D,22,0,1,16.11,10.7,7.9,4.34,0.05,0.293,14.35
D,8,4,6,15.88,9.7,10.2,2.94,0.395,0.723,51.78
D,16,1,8,16.06,6.4,8.1,3.13,0.497,0.333,44.98
D,20,2,6,16.18,8.8,8.4,2.81,0.423,0.417,40.34
D,17,1,7,16.27,2.4,7.0,2.3,0.296,0.601,48.95
D,9,5,5,14.31,14.0,9.7,4.06,0.488,0.594,44.66
D,3,5,6,13.09,4.3,10.3,3.02,0.255,0.708,46.47
D,2,4,3,14.14,6.3,8.1,3.66,0.271,0.48,34.19
D,9,1,6,14.27,9.4,7.7,1.85,0.567,0.652,63.42
D,2,6,2,16.09,10.2,8.1,2.16,0.28,0.339,26.68
D,11,6,5,16.5,21.0,9.2,3.58,0.453,0.522,42.11
D,14,5,7,13.26,7.7,4.9,0.9,0.183,0.776,62.18
D,12,2,8,15.48,7.6,9.8,2.13,0.479,0.744,55.97
D,3,0,4,14.26,10.7,7.5,3.62,0.237,0.125,17.58
D,20,5,3,15.77,16.7,8.8,1.04,0.34,0.7,55.08
D,21,3,3,14.69,9.0,6.5,2.07,0.177,0.465,29.85
D,16,4,7,14.26,8.4,5.4,4.0,0.286,0.538,46.97
D,8,6,7,14.96,12.9,6.8,5.4,0.644,0.749,61.16
D,0,6,2,16.5,11.7,8.5,4.12,0.333,0.238,19.93
D,13,1,4,16.5,13.4,9.0,5.4,0.327,0.598,39.84
D,13,5,7,15.79,4.0,4.2,3.08,0.528,0.621,58.33
D,17,6,4,14.43,19.8,4.2,4.14,0.481,0.326,36.22
D,20,5,7,14.98,24.0,4.6,4.07,0.593,0.472,55.22
D,15,3,5,13.41,8.8,8.0,2.26,0.556,0.66,50.23
D,6,0,6,15.42,33.4,9.2,3.19,0.685,0.653,75.25
D,1,5,1,13.91,5.7,4.8,3.14,0.086,0.444,25.86
D,9,5,5,15.48,4.8,7.9,5.4,0.735,0.742,59.31
D,0,2,3,14.99,5.7,6.6,3.05,0.216,0.692,38.35
D,9,2,7,15.64,14.3,7.1,3.39,0.344,0.658,48.56
D,7,4,7,16.5,7.5,6.6,2.14,0.637,0.508,51.69
D,2,5,2,14.69,26.1,7.5,2.81,0.162,0.27,27.36
D,5,2,2,14.6,13.2,6.1,2.88,0.184,0.36,22.32
D,9,1,8,14.28,7.3,12.0,2.0,0.481,0.647,54.61
D,17,5,6,15.07,27.3,9.0,3.26,0.31,0.453,52.33
D,8,1,3,14.6,3.1,5.6,1.66,0.605,0.6,58.22
D,9,4,4,15.22,9.6,10.0,3.7,0.487,0.729,51.58
D,16,6,6,16.5,14.3,6.2,3.35,0.291,0.586,40.76
D,12,0,5,14.97,7.8,7.0,3.7,0.461,0.359,39.03
D,12,0,8,14.13,8.1,12.0,4.21,0.583,0.42,49.56
D,14,0,6,14.13,10.7,9.4,3.56,0.509,0.419,43.96
D,23,0,5,13.35,3.6,8.0,3.84,0.108,0.556,36.42
D,17,6,6,16.5,8.8,6.1,4.1,0.562,0.611,55.08
D,19,3,4,16.5,13.5,8.1,2.47,0.644,0.538,46.29
D,14,0,8,14.54,3.5,6.9,2.56,0.443,0.671,52.01
D,6,5,6,15.85,11.6,7.1,4.18,0.725,0.709,59.2
D,23,0,3,13.87,12.7,6.1,2.98,0.335,0.545,37.33
D,22,3,1,15.32,8.6,7.9,2.07,0.283,0.425,23.15
D,1,1,3,14.91,24.3,8.4,3.9,0.358,0.372,38.22
D,6,3,8,15.53,7.6,4.6,3.7,0.183,0.375,35.01
D,3,1,4,15.99,3.2,6.6,3.01,0.258,0.337,28.77
D,4,4,2,14.91,7.4,7.8,2.92,0.328,0.644,37.76
D,17,6,7,15.57,10.1,6.8,4.03,0.562,0.513,48.99
D,8,4,6,12.32,18.8,4.0,4.36,0.287,0.582,46.25
D,16,1,7,14.92,4.8,3.9,0.9,0.545,0.659,70.04
D,23,2,1,15.37,12.5,8.2,2.65,0.331,0.353,28.77
D,16,2,7,13.47,18.2,3.9,3.35,0.45,0.476,48.61
D,18,1,7,14.92,12.0,5.3,3.68,0.376,0.759,54.8
D,16,1,8,16.23,16.1,6.8,2.72,0.512,0.682,60.6
D,13,3,7,15.83,11.3,9.0,1.74,0.342,0.51,58.54
D,12,6,8,14.14,14.5,8.8,3.88,0.443,0.747,57.41
D,3,2,2,13.15,5.8,9.4,3.69,0.265,0.235,18.72
D,13,4,4,15.39,7.9,7.0,3.93,0.409,0.628,44.28
D,15,4,6,14.22,8.7,4.3,1.46,0.279,0.552,53.65
D,16,6,6,16.5,17.0,6.3,2.58,0.448,0.454,41.09
D,9,0,4,16.5,7.0,7.1,2.74,0.469,0.566,42.42
D,3,3,5,13.74,15.1,7.8,3.54,0.087,0.497,32.58
D,3,5,5,15.59,9.9,6.6,1.39,0.294,0.449,48.88
D,16,4,8,14.87,37.3,5.7,5.4,0.085,0.764,70.33
D,8,6,5,13.82,11.7,10.1,2.25,0.456,0.599,46.94
D,15,0,5,15.14,10.3,9.3,3.3,0.133,0.566,39.74
D,7,1,6,14.37,7.0,6.3,3.9,0.474,0.479,40.75
D,4,6,6,16.5,29.2,7.3,2.08,0.05,0.426,43.34
D,9,1,8,13.26,6.1,7.4,1.71,0.383,0.681,66.13
D,3,0,1,16.04,12.3,6.5,4.82,0.379,0.627,32.69
D,4,4,3,14.99,6.2,4.3,4.01,0.19,0.411,28.85
D,0,1,1,14.48,16.9,6.7,3.89,0.14,0.26,14.85
D,5,5,4,13.67,27.3,7.4,2.83,0.078,0.357,32.86
D,17,1,6,16.5,8.3,7.6,3.59,0.571,0.766,56.12
D,4,3,2,16.5,26.2,5.7,5.3,0.185,0.463,37.0
D,19,5,5,14.58,19.8,8.3,3.63,0.609,0.862,59.3
D,13,2,6,14.04,14.7,5.7,3.52,0.554,0.655,51.97
D,4,6,3,13.18,12.9,5.9,3.07,0.231,0.41,26.07
D,8,0,5,15.13,25.7,3.3,4.64,0.31,0.75,60.88
D,15,4,6,14.14,15.3,8.5,3.11,0.479,0.64,48.86
D,3,5,4,13.71,19.9,5.5,2.55,0.354,0.583,40.01
D,0,1,3,15.59,33.4,9.6,3.92,0.05,0.277,34.07
D,11,1,7,15.34,18.5,3.0,4.15,0.325,0.578,51.48
D,13,4,6,16.43,15.3,9.5,3.96,0.325,0.411,40.77
D,18,0,2,14.83,23.0,7.3,3.26,0.404,0.528,35.88
D,9,2,7,16.27,8.4,7.7,0.9,0.541,0.326,54.61
D,16,6,6,14.94,11.5,8.0,4.99,0.324,0.882,56.99
D,22,1,1,16.14,12.4,8.5,1.95,0.166,0.581,38.91
D,2,4,1,13.77,10.9,7.4,3.34,0.089,0.304,17.09
D,18,4,6,14.89,14.1,4.4,1.5,0.617,0.781,73.33
D,1,4,3,15.31,9.8,7.8,1.62,0.05,0.713,47.49
D,21,2,3,16.04,8.3,6.5,3.85,0.362,0.418,35.07
D,10,4,9,15.39,13.8,6.3,3.97,0.428,0.687,58.46
D,19,5,6,14.92,12.6,5.4,4.45,0.506,0.436,42.71
D,8,6,7,16.5,5.6,8.1,3.62,0.425,0.584,46.59
D,2,1,1,16.26,9.2,9.4,4.23,0.357,0.616,36.77
D,21,5,1,14.5,9.8,9.4,1.59,0.088,0.251,28.63
D,3,5,5,14.02,21.5,4.3,4.38,0.05,0.648,38.65
D,20,2,4,16.5,25.8,5.9,4.56,0.382,0.666,51.06
D,10,2,7,13.68,20.6,6.0,1.75,0.395,0.582,61.51
D,8,5,4,14.28,15.7,8.3,1.96,0.451,0.51,54.43
D,1,6,6,13.6,4.4,5.0,1.4,0.147,0.536,47.87
D,4,0,4,15.27,12.7,4.4,2.2,0.332,0.547,40.98
D,0,2,3,15.35,15.1,7.8,4.66,0.229,0.538,34.54
D,21,3,1,13.42,2.5,9.3,4.2,0.091,0.55,27.89
D,16,6,4,15.2,13.7,7.0,3.22,0.197,0.67,41.58
D,21,5,1,14.07,10.3,9.7,4.97,0.139,0.313,15.14
D,19,0,8,15.61,4.3,3.6,2.7,0.838,0.553,62.88
D,12,6,6,14.15,29.5,12.0,1.91,0.581,0.757,79.36
D,0,4,2,11.91,16.1,7.4,3.32,0.155,0.52,30.97
D,7,2,6,16.32,5.3,5.8,2.7,0.563,0.525,46.13
D,12,0,9,15.1,26.5,6.3,0.9,0.618,0.598,80.18
D,8,4,7,15.74,7.4,5.2,4.4,0.319,0.725,54.76
D,19,6,5,14.42,8.9,8.1,3.49,0.424,0.629,48.27
D,5,0,2,15.98,10.8,7.7,3.78,0.05,0.345,18.78
D,18,6,5,16.5,13.4,7.2,4.22,0.561,0.622,50.29
D,11,2,5,16.28,8.4,8.5,3.76,0.553,0.616,46.77
D,9,4,8,16.39,12.4,4.6,4.75,0.349,0.584,50.57
D,3,3,4,15.1,8.2,7.8,1.66,0.05,0.495,37.83
D,6,5,7,13.13,10.5,4.1,3.13,0.359,0.581,47.23
D,12,5,9,14.24,18.3,10.4,2.86,0.616,0.462,57.19
D,6,1,8,15.52,12.3,6.5,5.4,0.485,0.675,56.85
D,22,4,3,12.58,16.7,8.0,3.02,0.2,0.364,25.78
D,1,2,4,14.17,9.6,6.3,4.38,0.213,0.336,25.27
D,15,5,7,13.38,12.1,5.5,3.6,0.513,0.722,57.45
D,3,4,3,16.5,26.0,6.9,3.06,0.05,0.395,31.54
D,6,4,4,14.85,5.2,2.1,2.21,0.52,0.413,45.04
D,8,1,5,13.6,19.5,6.1,2.7,0.212,0.733,45.49
D,5,3,2,14.48,3.7,7.2,3.16,0.278,0.438,28.01
D,3,6,4,15.52,18.5,7.3,1.8,0.437,0.613,55.68
D,15,4,7,15.57,10.7,7.6,5.4,0.652,0.791,64.65
D,10,0,5,14.4,12.8,8.4,4.41,0.682,0.618,51.01
D,9,6,8,16.5,10.3,9.6,3.96,0.458,0.764,60.54
D,15,1,6,15.45,10.2,7.1,2.36,0.459,0.749,53.09
D,16,1,8,13.78,14.2,5.1,2.58,0.546,0.554,52.27
D,3,0,2,13.24,13.2,5.7,4.77,0.572,0.459,38.99
D,10,3,5,13.39,22.6,3.8,2.85,0.338,0.8,56.73
D,22,6,4,15.82,14.2,7.3,4.75,0.4,0.453,39.89
D,11,4,5,14.49,3.2,8.7,2.52,0.366,0.671,45.65
D,18,2,7,14.91,28.9,8.5,2.41,0.429,0.799,67.59
D,21,6,6,14.05,22.6,9.2,5.16,0.125,0.305,30.61
D,1,6,3,16.5,5.8,3.7,2.35,0.05,0.31,23.41
D,13,5,5,13.64,15.3,7.6,4.47,0.481,0.539,43.34
D,6,1,6,14.5,11.2,12.0,3.43,0.373,0.623,52.84
D,15,0,5,15.24,5.6,10.3,3.28,0.677,0.614,51.31
D,21,3,6,16.5,13.3,4.3,3.35,0.053,0.454,34.18
D,15,1,5,15.15,7.0,7.6,2.73,0.557,0.66,52.13
D,4,6,1,15.66,18.6,9.7,3.85,0.366,0.299,25.28
D,16,1,6,15.19,13.2,6.5,1.28,0.323,0.466,48.41
D,16,2,4,14.1,13.4,10.4,3.52,0.464,0.685,47.08
D,14,0,7,15.03,4.1,8.7,4.87,0.629,0.317,45.16
D,6,3,7,16.33,8.9,4.2,4.54,0.703,0.754,68.84
D,20,3,8,14.48,6.4,7.0,1.32,0.627,0.634,71.28
D,10,5,5,12.64,9.0,8.6,4.32,0.348,0.661,44.89
D,11,2,8,14.43,6.8,9.7,2.24,0.392,0.323,38.74
D,1,4,2,13.82,15.2,8.9,3.11,0.129,0.495,28.91
D,13,0,7,15.13,15.7,8.3,3.92,0.476,0.389,43.39
D,5,5,5,14.99,7.6,4.6,5.4,0.054,0.364,25.66
D,11,6,7,12.76,11.0,8.3,3.38,0.307,0.655,49.53
D,18,2,6,16.36,17.5,5.2,2.12,0.342,0.594,43.75
D,11,1,6,16.5,21.3,8.7,4.29,0.587,0.585,49.82
D,8,1,4,15.44,14.0,5.5,3.49,0.411,0.525,42.1
D,21,5,4,14.66,3.5,6.1,4.34,0.257,0.492,32.41
D,6,3,8,16.05,9.3,11.4,3.58,0.57,0.638,55.69
D,14,4,5,15.79,6.9,7.0,2.81,0.263,0.709,44.43
D,1,4,7,15.9,12.3,9.0,3.54,0.507,0.646,53.42
D,19,6,7,13.14,21.2,6.3,2.75,0.348,0.766,55.6
D,8,1,7,16.5,15.3,7.9,1.36,0.458,0.617,65.05
D,22,1,2,15.0,36.0,6.6,2.42,0.05,0.529,44.91
D,19,1,6,15.64,18.4,9.4,3.02,0.683,0.465,49.57
D,2,2,2,15.18,4.7,7.3,4.77,0.233,0.316,21.35
D,15,6,3,14.27,11.6,6.9,3.32,0.438,0.578,40.56
D,15,3,5,16.44,20.0,5.3,2.8,0.506,0.23,32.75
D,21,2,5,16.5,20.2,12.0,4.04,0.224,0.545,37.29
D,9,0,7,14.88,16.0,9.8,3.82,0.58,0.776,60.46
D,18,1,3,13.71,18.3,7.1,3.65,0.334,0.524,35.31
D,20,0,3,14.27,2.9,5.6,2.97,0.461,0.489,38.67
D,17,0,8,16.5,19.0,10.7,1.56,0.594,0.584,67.89
D,16,3,5,14.81,21.7,5.6,2.32,0.395,0.653,49.42
D,9,6,4,15.15,17.0,10.2,2.75,0.56,0.654,50.11
D,9,0,9,14.21,9.6,10.8,2.52,0.302,0.702,56.77
D,22,6,3,13.91,11.9,11.3,3.26,0.111,0.378,21.62
D,0,6,5,16.5,8.7,8.5,1.23,0.05,0.36,40.17
D,14,0,6,13.43,8.2,11.2,3.32,0.394,0.565,42.98
D,11,5,4,14.24,21.8,4.6,3.87,0.695,0.645,58.56
D,17,1,6,15.19,21.1,7.9,3.42,0.531,0.773,61.62
D,14,1,3,15.76,4.2,7.6,4.89,0.46,0.814,54.86
D,18,5,6,13.01,5.0,6.7,3.29,0.453,0.769,52.05
D,7,2,7,16.11,7.2,9.5,4.4,0.563,0.52,54.47
D,11,3,5,16.16,25.7,9.1,4.2,0.511,0.485,49.63
D,4,2,1,16.12,32.5,4.9,3.89,0.053,0.375,35.28
D,20,5,5,15.64,12.5,9.6,4.1,0.236,0.601,42.62
D,19,3,5,16.5,11.8,8.7,3.63,0.503,0.634,49.67
D,1,0,3,13.76,15.9,9.7,4.1,0.356,0.534,36.69
D,11,1,3,15.69,37.6,9.8,0.9,0.307,0.562,71.11
D,13,3,6,14.76,12.3,8.3,2.98,0.381,0.297,33.02
D,23,0,6,15.76,15.0,6.7,2.93,0.05,0.455,30.51
D,22,4,1,12.01,20.0,9.1,3.28,0.05,0.566,21.05
D,8,3,6,15.5,8.2,7.3,3.44,0.359,0.563,44.75
D,2,3,5,15.98,10.7,8.1,2.01,0.289,0.489,36.9
D,21,0,1,15.13,3.9,6.4,5.4,0.172,0.495,26.16
D,13,1,5,16.5,13.1,5.9,3.02,0.524,0.837,58.82
D,17,5,6,16.5,24.4,6.7,3.65,0.509,0.806,67.6
D,16,0,6,15.36,2.5,7.8,3.22,0.398,0.814,55.22
D,0,2,5,12.3,23.0,10.8,2.46,0.236,0.432,35.99
D,23,5,2,15.14,15.5,5.6,3.32,0.412,0.531,37.41
D,22,0,3,15.03,13.9,10.7,2.97,0.166,0.466,24.79
D,8,4,6,15.86,26.1,8.8,2.74,0.441,0.909,69.73
D,3,5,2,14.67,14.8,8.4,2.67,0.077,0.548,27.93
D,10,4,6,13.32,25.5,6.7,3.2,0.503,0.737,60.82
D,19,1,5,15.11,10.0,7.5,3.51,0.384,0.858,58.05
D,4,6,4,16.5,7.6,5.1,3.23,0.186,0.345,27.74
D,15,5,4,13.92,6.6,5.8,2.74,0.407,0.654,45.31
D,5,3,1,14.37,7.4,8.3,4.81,0.154,0.805,37.19
D,12,0,5,15.42,30.0,11.5,3.44,0.458,0.513,52.55
D,10,4,5,15.43,15.9,7.7,3.7,0.346,0.694,48.74
D,9,4,6,15.29,13.6,8.4,3.26,0.404,0.456,39.84
D,20,6,5,14.48,30.3,10.7,3.91,0.095,0.541,45.01
D,3,2,4,15.36,9.9,6.9,2.86,0.148,0.618,34.88
D,20,3,7,16.17,10.3,6.8,3.3,0.214,0.581,41.56
D,21,5,1,13.74,10.4,7.4,2.74,0.117,0.569,26.42
D,15,3,5,16.23,3.6,11.1,4.53,0.321,0.49,39.1
D,15,3,8,15.6,22.1,3.7,2.63,0.531,0.768,69.5
D,8,4,5,14.3,24.3,5.8,1.16,0.365,0.811,68.81
D,14,2,5,13.87,12.1,9.6,3.71,0.444,0.63,46.61
D,20,2,8,14.13,7.4,5.9,1.62,0.305,0.575,61.78
D,21,3,3,15.44,33.3,6.0,3.31,0.288,0.241,44.01
D,22,2,2,15.57,5.2,4.3,2.69,0.182,0.445,29.79
D,15,6,4,15.35,14.3,4.4,3.35,0.576,0.535,47.48
D,15,0,6,13.15,14.4,4.0,2.22,0.473,0.599,52.96
D,18,2,7,14.43,13.6,3.3,3.8,0.34,0.792,58.21
D,4,2,1,14.22,12.1,10.6,3.36,0.24,0.286,16.23
D,9,6,5,16.48,15.3,7.8,3.69,0.115,0.496,33.69
D,21,3,4,14.72,12.5,6.6,1.75,0.05,0.218,34.79
D,20,5,6,14.74,9.1,4.8,3.83,0.722,0.558,56.52
D,18,0,5,15.57,11.8,6.3,3.32,0.304,0.796,50.13
D,7,2,7,16.37,16.8,7.4,1.78,0.62,0.775,77.63
D,6,2,5,13.01,3.8,11.5,3.41,0.424,0.791,51.84
D,8,0,7,14.73,10.4,5.9,2.23,0.448,0.514,46.31
D,3,5,3,14.63,16.2,5.7,1.88,0.357,0.43,46.39
D,7,1,5,15.46,5.9,7.5,2.98,0.213,0.505,38.41
D,10,1,7,16.28,16.0,4.8,3.0,0.553,0.6,54.41
D,0,1,4,14.76,5.7,8.2,2.33,0.21,0.53,36.73
D,16,3,5,14.78,3.9,7.1,3.28,0.433,0.621,48.51
D,21,5,5,16.5,5.8,9.4,2.69,0.36,0.461,38.5
D,23,4,1,15.29,9.1,10.1,2.93,0.221,0.376,24.18
D,23,6,4,15.82,31.1,8.8,2.4,0.338,0.377,48.08
D,20,6,7,15.33,4.4,10.6,1.92,0.725,0.745,75.38
D,5,3,3,16.5,5.1,6.2,2.07,0.292,0.475,29.11
D,15,0,6,14.09,26.3,4.3,2.36,0.453,0.392,48.38
D,1,2,5,14.79,20.8,6.7,3.36,0.192,0.358,31.51
D,3,0,4,13.52,15.4,10.3,2.21,0.05,0.545,30.53
D,8,1,5,14.6,12.6,10.3,5.19,0.335,0.641,44.0
D,15,4,6,15.69,15.4,9.0,4.11,0.462,0.704,52.48
D,3,0,5,12.89,30.3,6.1,4.61,0.293,0.416,49.41
D,5,0,2,14.59,26.0,5.0,3.68,0.411,0.269,34.24
D,12,2,5,16.5,14.7,9.4,4.0,0.505,0.383,42.81
D,20,3,5,14.3,13.4,6.1,4.33,0.319,0.412,38.16
D,11,4,4,14.45,6.5,10.6,1.88,0.422,0.522,52.26
D,3,0,3,16.01,12.6,7.8,3.84,0.13,0.54,30.42
D,8,3,6,14.4,24.0,7.2,2.72,0.343,0.503,48.8
D,6,4,5,14.72,13.2,9.0,3.41,0.484,0.856,55.81
D,20,6,9,13.56,18.2,9.8,2.74,0.443,0.487,49.14
D,5,0,2,15.08,2.8,5.7,3.72,0.262,0.569,32.21
D,23,1,2,14.49,11.1,9.8,5.15,0.05,0.454,22.73
D,6,1,6,16.37,9.6,6.1,2.42,0.33,0.691,46.75
D,5,3,3,14.32,5.9,10.7,2.58,0.242,0.631,36.51
D,23,6,4,14.76,20.8,6.1,1.44,0.176,0.4,41.08
D,5,2,2,15.43,5.8,7.5,2.33,0.068,0.416,21.2
D,13,2,4,13.51,16.0,9.7,3.75,0.495,0.618,48.28
D,14,2,5,15.2,2.4,8.9,2.85,0.576,0.602,51.65
D,17,0,4,14.87,4.2,10.5,3.56,0.455,0.763,50.91
D,18,3,4,16.24,8.3,7.0,2.34,0.415,0.621,46.47
D,16,0,5,14.34,19.1,9.7,2.85,0.328,0.658,44.93
D,16,0,8,14.27,13.7,4.8,2.91,0.44,0.507,48.22
D,17,2,7,14.06,17.0,5.3,3.94,0.17,0.565,41.74
D,12,1,6,13.58,9.5,7.9,2.59,0.394,0.523,47.83
D,9,1,6,14.64,6.9,8.2,3.52,0.412,0.758,52.03
D,8,0,8,15.07,3.4,3.5,5.03,0.543,0.829,65.86
D,16,3,6,15.61,2.7,12.0,4.33,0.592,0.512,49.01
D,17,4,5,14.21,8.1,7.6,3.38,0.261,0.607,40.77
D,3,4,6,13.47,14.7,10.9,3.01,0.05,0.353,32.05
D,17,2,6,16.5,10.6,5.1,3.05,0.606,0.742,58.91
D,11,2,8,15.64,10.7,5.1,3.68,0.315,0.554,45.42
D,22,5,3,13.15,6.7,9.6,2.81,0.161,0.466,28.23
D,2,0,2,15.29,18.2,7.0,3.58,0.332,0.423,31.36
D,19,4,8,15.03,9.8,9.8,3.27,0.496,0.72,60.56
D,12,6,7,14.0,10.0,11.7,1.95,0.357,0.46,55.49
D,20,3,5,15.69,20.6,10.2,2.75,0.358,0.555,40.54
D,6,6,6,15.19,6.5,9.6,2.17,0.257,0.613,45.72
D,4,0,5,16.5,19.3,10.1,2.93,0.138,0.251,24.86
D,22,1,1,15.5,11.4,7.7,1.83,0.26,0.444,39.24
D,22,5,2,14.68,9.7,9.4,1.89,0.318,0.318,38.91
D,13,6,6,15.3,12.3,10.6,3.16,0.457,0.754,51.68
D,6,6,4,16.5,18.2,9.0,3.73,0.516,0.676,49.12
D,2,5,2,15.03,13.3,6.7,1.89,0.268,0.481,42.86
D,1,3,1,16.1,9.6,8.2,4.44,0.099,0.427,23.72
D,18,2,6,15.2,17.8,6.5,1.5,0.4,0.639,63.6
D,21,3,3,15.07,4.5,5.0,3.15,0.276,0.511,35.34
D,20,4,6,14.5,10.3,7.6,3.06,0.619,0.578,52.52
D,3,2,4,15.22,21.2,7.5,3.66,0.21,0.423,27.85
D,19,3,5,16.31,19.7,7.8,2.79,0.468,0.835,56.76
D,3,6,3,16.38,9.7,8.2,4.89,0.282,0.52,32.66
D,16,6,5,13.7,17.5,8.9,2.99,0.399,0.751,51.34
D,8,2,7,15.39,7.1,8.4,3.17,0.644,0.627,58.11
D,16,3,9,15.87,12.7,8.4,1.2,0.553,0.396,61.31
D,6,2,7,16.41,12.6,5.8,2.56,0.405,0.555,47.42
D,15,0,5,12.94,14.9,9.0,4.14,0.496,0.664,51.68
D,3,3,1,15.34,13.5,9.8,3.08,0.223,0.393,25.17
D,8,0,7,15.55,13.1,7.5,3.04,0.632,0.466,49.85
D,4,2,1,14.37,8.6,7.8,2.37,0.301,0.521,29.25
D,16,2,3,16.39,17.2,6.1,2.23,0.673,0.541,47.92
D,5,1,4,13.35,10.9,9.1,2.51,0.14,0.513,31.74
D,21,1,2,14.83,13.0,9.9,4.82,0.413,0.316,27.26
D,22,5,3,12.33,12.4,9.3,4.61,0.21,0.421,31.21
D,12,6,10,13.4,12.1,11.8,3.18,0.448,0.764,63.87
D,11,6,6,15.14,8.1,4.7,2.67,0.263,0.599,47.34
D,23,4,6,15.0,18.3,5.8,5.3,0.174,0.383,31.1
D,5,3,5,16.5,9.6,6.1,3.58,0.578,0.297,34.55
D,0,6,2,15.03,10.4,9.3,4.31,0.051,0.542,25.11
D,4,4,3,15.14,5.7,9.4,3.56,0.491,0.427,36.57
D,10,3,4,13.65,9.2,4.2,3.14,0.558,0.472,45.34
D,11,4,8,14.44,5.6,6.4,3.32,0.688,0.578,58.08
D,12,4,7,16.14,8.4,7.1,2.72,0.477,0.426,46.55
D,11,1,11,16.5,19.7,4.8,4.97,0.394,0.561,61.01
D,19,3,5,16.5,18.3,6.4,4.23,0.678,0.475,48.87
D,2,1,3,14.17,9.4,7.5,3.43,0.323,0.707,40.24
D,6,6,8,16.39,10.7,9.5,4.61,0.338,0.322,39.4
D,5,1,4,14.46,17.3,6.1,2.12,0.05,0.331,23.38
D,15,3,6,12.96,21.6,5.5,1.72,0.78,0.602,73.28
D,18,6,3,14.33,2.7,8.0,1.78,0.481,0.573,55.1
D,6,2,6,12.77,10.5,7.1,4.09,0.548,0.603,55.88
D,12,5,7,15.81,13.3,7.5,3.62,0.548,0.609,56.67
D,15,5,7,15.31,31.5,6.6,3.66,0.469,0.535,63.78
D,8,5,5,13.35,16.3,6.7,2.59,0.603,0.657,54.04
D,6,3,7,16.12,21.1,6.3,5.24,0.163,0.55,41.79
D,13,1,7,16.5,17.5,10.4,0.9,0.512,0.799,72.92
D,4,6,5,13.83,10.4,12.0,1.69,0.205,0.442,46.18
D,4,3,4,14.95,14.6,4.7,4.01,0.203,0.319,26.83
D,15,0,7,14.49,9.5,5.7,2.64,0.743,0.164,43.43
D,1,0,2,14.34,6.7,7.2,5.15,0.211,0.314,26.21
D,8,5,7,16.49,16.3,6.6,1.04,0.315,0.553,56.73
D,3,0,3,15.91,23.6,8.1,3.2,0.05,0.323,24.98
D,15,1,7,13.1,28.9,10.2,3.9,0.519,0.752,69.01
D,21,6,4,15.54,43.3,7.3,3.73,0.323,0.524,65.26
D,3,6,2,14.42,14.2,9.4,1.57,0.05,0.479,33.23
D,23,4,4,14.97,10.4,7.3,2.33,0.132,0.46,29.52
D,8,3,6,15.75,12.7,8.6,2.59,0.508,0.92,64.17
D,15,5,6,15.67,13.6,4.8,3.68,0.528,0.436,43.91
D,17,3,7,14.73,11.5,6.7,1.45,0.372,0.529,59.05
D,2,3,3,13.62,13.2,3.9,3.95,0.253,0.356,29.5
D,21,5,3,15.25,6.1,4.9,3.75,0.14,0.508,30.22
D,11,6,4,16.5,4.7,8.3,2.93,0.265,0.408,31.57
D,7,2,8,15.09,8.1,6.3,3.19,0.297,0.669,51.5
D,20,3,1,14.46,12.5,7.1,3.71,0.415,0.622,36.36
D,14,6,8,14.7,9.8,7.4,3.24,0.285,0.723,53.56
D,7,3,5,13.2,13.0,9.2,2.41,0.311,0.427,39.62
D,9,4,7,16.5,13.3,7.1,4.29,0.615,0.785,62.47
D,0,0,3,15.7,23.4,4.2,2.83,0.448,0.439,38.39
D,7,1,5,16.04,15.2,5.6,2.35,0.224,0.488,35.94
D,17,0,7,15.15,5.1,8.2,1.87,0.278,0.613,61.13
D,11,6,3,14.51,6.8,10.0,2.51,0.336,0.383,29.3
D,15,5,7,13.64,15.0,9.0,4.67,0.541,0.507,52.44
D,14,2,6,15.94,8.7,8.9,0.9,0.333,0.837,68.07
D,18,1,6,15.9,5.3,11.6,3.81,0.554,0.775,57.99
D,12,3,5,15.23,7.8,10.2,2.59,0.411,0.478,42.16
D,22,1,4,13.94,21.2,5.0,2.2,0.176,0.357,28.3
D,7,6,4,14.32,6.9,10.1,2.23,0.47,0.702,50.3
D,8,4,6,16.44,10.0,6.4,3.29,0.563,0.853,59.29
D,10,4,4,14.89,10.7,6.4,3.07,0.424,0.631,41.18
D,11,4,7,15.7,13.7,10.9,2.64,0.328,0.66,48.62
D,15,4,5,16.5,2.0,8.0,2.85,0.254,0.568,38.82
D,1,5,3,16.17,32.4,7.1,1.99,0.177,0.481,53.93
D,2,1,3,13.08,9.3,11.7,3.1,0.433,0.581,43.14
D,7,0,6,14.93,23.1,10.2,2.84,0.5,0.436,51.03
D,15,3,7,13.29,2.0,8.0,2.77,0.436,0.732,54.49
D,13,5,7,13.62,6.3,9.4,2.81,0.607,0.834,61.32
D,4,3,1,13.44,7.8,7.4,2.34,0.181,0.407,22.72
D,19,3,6,13.27,12.3,3.5,4.21,0.55,0.473,52.85
D,10,6,6,11.04,3.0,4.9,5.32,0.331,0.634,49.48
D,12,6,6,13.99,8.6,6.9,2.99,0.309,0.917,54.09
D,20,4,6,15.7,6.4,4.3,3.46,0.573,0.557,51.81
D,22,5,1,15.53,3.0,8.0,3.45,0.5,0.357,32.36
D,16,3,6,16.11,8.9,8.6,5.4,0.638,0.676,58.06
D,4,2,1,15.56,13.0,11.2,0.99,0.215,0.543,43.1
D,4,3,2,16.5,19.3,5.0,2.74,0.39,0.523,32.65
D,0,6,4,14.92,6.9,11.0,1.47,0.263,0.473,47.43
D,10,4,5,13.11,23.5,8.6,4.83,0.352,0.583,46.16
D,17,0,5,13.11,3.8,8.0,3.44,0.554,0.614,51.47
D,17,0,9,15.73,26.5,9.4,2.22,0.347,0.366,50.58
D,1,3,3,12.25,19.1,9.5,3.95,0.358,0.736,45.03
D,12,6,5,16.11,18.4,8.0,2.88,0.431,0.575,43.41
D,22,4,2,14.42,11.1,6.6,2.69,0.05,0.419,22.42
E,1,3,7,9.66,9.0,7.2,4.96,0.067,0.2,26.55
E,4,5,8,10.26,14.9,8.9,5.4,0.05,0.499,36.83
E,15,3,13,9.86,18.7,5.9,5.16,0.388,0.487,52.53
E,0,0,7,11.38,13.1,1.7,3.86,0.13,0.283,38.36
E,4,4,5,11.8,19.2,6.6,2.89,0.079,0.255,22.41
E,16,1,13,11.27,21.3,5.7,1.16,0.489,0.444,70.26
E,16,2,9,11.49,18.2,8.6,3.24,0.439,0.433,50.8
E,18,4,11,9.61,8.5,7.1,3.41,0.229,0.567,51.07
E,0,2,6,11.4,7.9,6.8,3.99,0.05,0.261,24.69
E,8,0,5,11.53,17.8,5.8,2.87,0.29,0.532,40.81
E,6,0,11,11.04,3.7,11.3,2.43,0.569,0.778,70.54
E,23,3,6,11.94,20.5,4.5,1.52,0.085,0.616,50.86
E,18,4,7,10.22,5.8,9.6,2.83,0.226,0.304,30.72
E,22,3,6,10.21,13.5,6.7,3.11,0.329,0.674,49.72
E,3,0,4,10.57,11.5,5.3,0.9,0.066,0.397,39.32
E,14,2,10,11.18,9.0,5.2,3.25,0.485,0.659,61.08
E,7,0,10,12.13,5.8,8.8,3.51,0.264,0.646,51.43
E,18,5,9,11.16,22.1,9.7,2.82,0.181,0.623,54.1
E,20,3,4,12.35,4.9,7.1,2.75,0.577,0.733,55.93
E,1,5,7,10.81,2.5,10.9,2.88,0.05,0.501,37.28
E,9,4,9,10.34,25.3,10.1,3.37,0.369,0.716,63.65
E,13,2,15,13.61,14.6,9.2,2.3,0.362,0.643,61.45
E,10,2,8,10.31,3.5,4.0,2.27,0.605,0.481,57.98
E,20,3,13,9.68,16.2,6.5,1.69,0.375,0.479,66.01
E,18,1,6,9.8,16.6,10.5,1.47,0.287,0.568,57.01
E,21,6,8,11.54,5.3,9.1,0.9,0.321,0.425,56.22
E,5,0,7,11.83,14.3,9.7,2.25,0.203,0.408,35.24
E,23,6,5,9.53,15.0,5.8,1.24,0.278,0.374,44.28
E,0,4,8,12.01,13.7,7.8,1.41,0.196,0.555,54.14
E,21,6,2,10.31,14.9,7.5,3.48,0.138,0.499,27.21
E,6,0,8,12.13,7.5,5.4,3.97,0.352,0.669,57.33
E,5,3,4,9.83,15.2,6.4,1.74,0.271,0.462,47.19
E,12,2,8,12.44,5.1,8.2,2.81,0.181,0.572,45.07
E,13,1,5,11.63,17.4,6.7,1.48,0.321,0.743,57.79
E,4,1,5,11.4,7.2,4.8,4.63,0.05,0.26,19.23
E,22,3,6,10.14,7.9,6.9,2.35,0.236,0.332,33.18
E,10,4,13,11.65,8.5,7.2,3.11,0.338,0.535,57.62
E,4,1,4,11.71,6.9,7.8,1.8,0.05,0.544,44.22
E,3,3,9,10.31,10.3,5.4,1.37,0.136,0.172,42.09
E,11,1,10,12.83,30.3,4.9,4.42,0.387,0.538,65.17
E,7,5,12,8.66,2.2,6.6,3.32,0.203,0.838,61.4
E,10,1,11,9.7,19.5,7.5,3.28,0.499,0.578,62.83
E,9,4,9,9.61,6.6,2.9,2.83,0.302,0.442,49.96
E,15,1,6,10.94,7.3,6.9,3.1,0.401,0.475,44.81
E,2,6,5,9.67,12.3,10.0,1.96,0.21,0.247,39.51
E,20,5,13,11.8,12.0,8.6,1.48,0.283,0.642,64.31
E,1,2,10,9.57,10.4,8.7,0.9,0.203,0.631,62.98
E,13,0,10,10.68,12.6,8.6,2.66,0.443,0.593,57.93
E,23,6,2,10.97,4.0,11.3,5.21,0.071,0.298,16.75
E,17,5,11,12.56,13.1,6.8,2.32,0.361,0.88,66.71
E,20,6,10,10.0,7.4,10.6,1.41,0.332,0.638,69.13
E,11,0,6,11.31,8.5,7.7,5.22,0.316,0.87,55.29
E,1,5,2,8.26,7.6,11.1,2.53,0.338,0.456,30.98
E,6,1,7,11.59,11.6,10.6,3.01,0.42,0.643,50.94
E,16,0,11,11.25,6.6,8.8,2.51,0.408,0.378,49.13
E,5,1,5,11.64,3.7,9.1,4.52,0.063,0.448,28.93
E,3,1,5,10.9,17.1,9.6,2.08,0.15,0.433,31.51
E,9,3,6,9.4,16.1,6.6,4.22,0.171,0.73,48.39
E,19,1,11,11.72,12.4,5.0,3.78,0.143,0.461,46.08
E,7,0,9,12.24,4.9,10.7,4.93,0.458,0.352,45.15
E,3,0,4,10.62,9.5,7.3,2.6,0.05,0.104,14.76
E,11,2,4,11.12,13.9,10.3,1.6,0.474,0.453,51.82
E,0,2,8,10.77,10.8,10.8,3.33,0.05,0.51,35.51
E,4,1,7,10.5,11.2,5.5,4.54,0.147,0.386,33.97
E,6,4,7,11.91,12.7,8.3,0.9,0.074,0.621,51.98
E,19,5,8,10.93,7.6,6.0,4.76,0.367,0.614,51.92
E,22,0,4,10.31,8.1,2.2,1.26,0.106,0.461,52.19
E,3,6,8,11.19,14.8,10.0,3.13,0.05,0.296,32.59
E,21,4,4,11.43,7.3,8.1,5.17,0.213,0.353,30.13
E,18,2,7,11.81,16.9,10.4,4.2,0.325,0.635,49.7
E,23,6,7,13.91,15.0,3.6,3.48,0.29,0.485,45.7
E,5,0,4,10.57,11.2,11.8,1.6,0.105,0.381,40.23
E,14,1,11,9.07,14.6,7.5,2.73,0.18,0.39,41.73
E,21,1,5,11.11,10.2,9.0,2.58,0.05,0.475,30.77
E,14,3,8,11.13,15.0,2.3,3.59,0.292,0.636,54.4
E,19,0,7,11.37,21.3,7.4,3.92,0.248,0.678,48.05
E,3,4,4,12.62,21.8,5.0,2.78,0.153,0.223,23.61
E,3,0,5,12.02,13.3,7.1,3.34,0.05,0.518,30.78
E,8,1,10,12.07,27.3,5.1,3.81,0.382,0.18,51.61
E,16,4,10,10.91,7.6,7.0,2.07,0.088,0.355,37.34
E,21,4,7,11.76,24.4,7.6,2.84,0.111,0.438,41.62
E,22,4,6,12.87,25.8,3.7,3.2,0.155,0.427,45.42
E,19,3,10,10.22,19.4,4.8,2.25,0.284,0.523,49.94
E,3,1,8,10.74,26.5,7.0,2.28,0.161,0.614,52.31
E,9,5,10,10.79,10.2,8.2,3.41,0.338,0.704,61.96
E,13,1,9,10.39,14.9,6.8,0.9,0.335,0.377,58.3
E,3,3,8,11.09,15.9,5.3,2.52,0.307,0.287,38.92
E,7,0,8,10.04,20.1,5.0,3.88,0.529,0.63,54.23
E,4,6,4,11.94,17.8,11.2,2.54,0.105,0.566,32.49
E,14,5,5,13.94,26.1,12.0,4.5,0.261,0.571,44.29
E,12,3,12,8.99,30.9,9.9,4.25,0.295,0.362,59.6
E,7,4,9,10.89,9.4,7.9,3.72,0.275,0.524,47.03
E,7,0,9,12.3,23.6,10.1,3.04,0.662,0.38,56.64
E,19,4,9,10.23,8.4,7.8,3.5,0.368,0.8,58.28
E,14,5,8,9.64,8.7,9.4,1.61,0.551,0.492,63.85
E,18,3,8,12.13,8.7,8.9,5.38,0.226,0.454,42.17
E,10,1,6,11.46,31.5,10.5,4.69,0.408,0.487,57.86
E,6,3,6,11.85,39.0,10.5,2.53,0.138,0.599,65.48
E,13,3,10,10.59,17.6,7.8,3.17,0.362,0.546,52.54
E,3,5,9,12.23,23.7,7.7,3.47,0.147,0.489,47.05
E,12,2,7,12.09,18.6,7.9,3.41,0.373,0.418,40.93
E,12,2,8,9.85,5.6,7.2,4.82,0.11,0.491,39.66
E,3,6,4,11.3,21.7,5.7,1.95,0.091,0.498,45.48
E,13,4,6,12.31,12.2,7.4,3.27,0.653,0.559,48.83
E,1,5,7,10.51,17.6,9.0,1.97,0.05,0.316,40.54
E,3,5,8,8.8,15.7,12.0,4.05,0.424,0.48,47.32
E,2,4,3,11.02,16.5,10.8,4.37,0.05,0.526,28.17
E,20,4,9,10.22,19.5,6.1,3.92,0.264,0.632,53.42
E,15,2,7,10.43,20.5,3.6,4.44,0.21,0.452,44.76
E,20,1,7,10.53,10.4,7.8,3.17,0.437,0.655,54.18
E,9,5,10,10.22,7.3,6.7,3.55,0.391,0.538,56.79
E,14,4,9,12.11,11.3,9.3,3.98,0.65,0.409,53.57
E,13,4,6,11.17,19.5,12.0,4.28,0.379,0.383,40.54
E,9,3,10,11.21,8.4,5.7,2.54,0.081,0.733,53.3
E,1,3,5,8.84,17.3,3.1,1.88,0.272,0.522,55.96
E,10,5,9,10.04,5.9,8.8,3.89,0.423,0.576,52.3
E,6,3,13,13.51,22.0,6.7,1.55,0.397,0.563,72.6
E,8,4,10,9.77,14.5,11.4,3.27,0.411,0.441,51.47
E,12,5,6,10.05,24.8,8.2,2.34,0.301,0.721,54.24
E,21,4,4,11.71,39.3,6.8,2.41,0.14,0.519,54.0
E,14,5,3,10.68,6.0,5.6,2.53,0.335,0.667,38.85
E,12,4,7,15.27,17.2,6.9,2.85,0.4,0.664,52.89
E,21,0,7,10.2,5.8,6.2,3.91,0.267,0.359,36.5
E,9,3,10,10.65,18.2,5.7,3.61,0.36,0.577,53.97
E,9,0,9,9.68,16.5,7.9,3.68,0.502,0.366,49.21
E,17,3,7,11.93,20.7,7.1,1.47,0.415,0.481,57.42
E,16,0,9,9.79,6.1,7.3,4.63,0.267,0.471,43.4
E,19,0,8,13.98,10.1,6.8,3.4,0.375,0.437,43.37
E,14,5,6,10.59,9.1,7.6,3.84,0.51,0.648,52.04
E,23,6,8,11.69,32.3,8.6,4.21,0.05,0.169,37.88
E,19,3,7,11.86,14.7,7.2,2.12,0.312,0.614,46.24
E,16,6,7,9.75,9.0,8.2,3.04,0.577,0.623,54.43
E,23,0,9,10.84,18.0,6.1,3.67,0.357,0.542,52.04
E,2,5,7,11.78,12.4,10.3,2.23,0.172,0.206,28.49
E,4,0,4,10.2,5.9,7.7,1.83,0.263,0.522,48.87
E,23,2,11,9.04,26.8,10.4,3.68,0.05,0.263,43.04
E,14,6,7,9.09,15.4,5.2,1.99,0.523,0.23,54.06
E,3,5,7,11.92,8.7,5.2,3.5,0.206,0.348,30.69
E,10,1,9,12.46,7.0,9.1,2.96,0.3,0.597,50.45
E,3,6,6,10.62,16.7,9.8,2.63,0.05,0.275,26.83
E,16,0,7,12.18,5.8,6.4,4.26,0.477,0.555,49.15
E,17,6,10,9.93,8.0,9.0,5.1,0.291,0.506,49.22
E,8,4,10,10.96,11.9,7.8,2.84,0.482,0.761,67.32
E,4,4,8,10.17,10.2,4.2,2.37,0.05,0.53,41.63
E,15,3,10,13.02,31.9,6.8,3.14,0.304,0.499,64.24
E,1,5,4,12.23,14.5,7.5,4.58,0.05,0.224,17.77
E,13,6,7,9.71,20.5,7.7,3.28,0.05,0.529,38.55
E,0,3,3,12.7,5.3,8.5,3.15,0.206,0.385,28.09
E,0,5,10,13.97,4.9,6.6,3.58,0.252,0.375,43.46
E,9,5,9,11.17,9.0,10.5,4.22,0.156,0.76,54.3
E,4,6,7,11.78,23.2,4.4,2.63,0.05,0.531,45.22
E,9,4,6,13.07,30.0,7.7,4.23,0.255,0.602,57.56
E,18,6,13,10.03,17.5,3.6,3.43,0.531,0.485,62.42
E,15,5,10,10.29,20.8,9.0,2.87,0.371,0.485,51.67
E,3,5,5,10.26,11.1,9.3,2.29,0.215,0.331,29.98
E,6,5,8,11.76,3.4,5.2,4.16,0.445,0.423,47.11
E,2,4,8,12.53,12.0,8.7,4.13,0.1,0.488,38.12
E,10,2,9,10.81,12.0,8.7,2.62,0.705,0.552,61.29
E,23,3,5,11.46,2.0,8.6,3.88,0.05,0.391,26.34
E,15,2,11,11.11,4.6,8.5,2.64,0.199,0.535,50.16
E,8,3,12,11.2,17.7,9.0,2.59,0.449,0.493,55.88
E,14,6,8,11.71,12.5,4.1,1.42,0.25,0.413,53.21
E,13,4,7,10.75,10.4,5.4,2.55,0.599,0.531,50.79
E,5,0,9,12.74,10.3,6.7,3.52,0.307,0.412,43.27
E,12,2,10,12.0,6.9,8.3,2.46,0.32,0.592,53.0
E,9,5,6,13.25,9.9,3.9,3.17,0.126,0.645,45.11
E,4,3,6,13.01,18.4,3.8,3.5,0.05,0.447,33.49
E,21,3,9,12.03,9.0,10.3,3.19,0.175,0.374,41.1
E,18,3,11,11.31,25.1,8.2,3.87,0.335,0.756,67.97
E,17,1,17,9.54,16.0,10.8,1.41,0.05,0.477,57.96
E,0,0,6,12.49,12.0,10.1,3.91,0.05,0.352,27.66
E,18,6,11,11.73,26.1,4.9,4.01,0.233,0.458,53.8
E,6,3,8,13.12,34.4,5.0,3.11,0.223,0.663,66.45
E,20,1,9,11.98,10.0,8.0,2.95,0.442,0.607,55.45
E,10,1,9,10.28,16.2,7.8,2.2,0.209,0.529,44.95
E,0,2,5,11.44,19.4,7.4,2.58,0.139,0.214,23.69
E,18,4,7,11.85,2.9,9.8,2.69,0.345,0.446,46.44
E,9,4,9,11.89,13.7,7.4,3.05,0.05,0.56,42.51
E,22,1,6,10.02,4.7,4.8,2.6,0.193,0.342,32.56
E,2,4,3,10.73,23.7,3.6,3.32,0.207,0.304,29.86
E,12,6,9,11.98,4.0,8.1,1.97,0.309,0.601,61.72
E,9,2,8,8.87,13.7,9.3,3.18,0.331,0.38,44.69
E,20,6,9,11.22,12.4,9.2,3.82,0.175,0.593,44.1
E,15,4,10,11.6,8.2,6.2,2.25,0.239,0.459,46.72
E,15,3,5,12.04,9.3,7.9,3.84,0.05,0.353,30.48
E,3,4,7,10.26,19.7,5.6,1.61,0.171,0.552,53.84
E,5,3,3,11.08,3.6,5.1,4.11,0.161,0.434,26.8
E,22,1,7,11.52,23.7,8.2,3.33,0.05,0.343,35.04
E,4,6,5,12.55,14.6,6.6,1.93,0.384,0.436,51.54
E,15,0,6,10.78,13.2,9.0,1.3,0.539,0.624,60.29
E,2,5,6,12.2,15.4,8.3,3.99,0.05,0.454,31.38
E,3,2,3,10.99,19.6,9.7,2.68,0.092,0.49,30.42
E,5,3,2,9.57,13.0,7.8,2.21,0.148,0.437,25.17
E,19,1,12,10.67,6.5,4.8,4.29,0.255,0.431,49.47
E,4,4,9,10.16,7.8,3.5,1.26,0.05,0.401,48.99
E,17,1,13,9.55,18.1,4.0,3.49,0.315,0.518,57.12
E,9,6,6,10.79,25.5,8.4,4.06,0.677,0.687,63.78
E,22,0,6,12.21,22.3,7.4,3.77,0.086,0.358,33.77
E,14,0,8,11.92,16.1,4.7,3.52,0.344,0.507,44.69
E,18,5,7,10.14,10.2,6.5,2.1,0.453,0.52,46.3
E,19,3,9,12.99,13.9,9.4,4.27,0.269,0.608,49.86
E,18,1,9,10.97,29.7,9.0,2.85,0.2,0.803,65.52
E,11,6,10,11.61,14.6,9.6,4.0,0.322,0.448,48.6
E,6,0,7,12.17,3.5,4.7,3.71,0.381,0.721,54.1
E,22,6,6,11.51,16.2,8.5,4.55,0.315,0.239,31.76
E,20,1,12,11.48,6.5,5.9,2.1,0.218,0.618,57.49
E,5,6,9,11.62,7.5,4.8,4.02,0.219,0.547,45.38
E,6,4,9,11.39,7.1,7.1,2.86,0.564,0.652,62.37
E,8,3,7,12.76,10.1,5.7,1.54,0.492,0.704,66.48
E,14,3,8,12.83,10.6,6.3,3.0,0.528,0.563,55.46
E,4,5,4,11.66,17.8,7.8,4.8,0.274,0.482,32.93
E,21,2,5,13.71,14.5,7.8,3.76,0.224,0.527,36.12
E,11,4,7,8.7,12.7,11.2,2.13,0.534,0.79,60.05
E,5,3,7,11.75,27.6,8.2,1.53,0.104,0.357,53.98
E,4,4,6,11.6,18.9,5.8,1.34,0.35,0.347,46.82
E,10,5,10,10.19,14.7,10.8,4.88,0.253,0.501,48.71
E,17,1,7,10.17,9.7,5.5,1.52,0.349,0.506,56.06
E,11,2,8,11.9,21.9,9.7,2.9,0.298,0.328,43.4
E,23,4,8,9.51,15.4,8.6,2.04,0.099,0.573,40.16
E,4,0,9,8.29,13.9,8.0,5.4,0.05,0.307,32.16
E,9,4,6,10.13,7.8,7.8,2.36,0.442,0.616,50.59
E,6,5,11,11.12,9.1,9.5,1.86,0.086,0.664,61.09
E,4,6,4,10.1,23.6,9.6,3.85,0.37,0.451,41.07
E,4,5,4,11.88,11.4,9.7,4.19,0.05,0.522,27.93
E,21,6,5,11.7,29.4,5.9,3.22,0.05,0.346,38.73
E,22,5,2,9.55,11.9,9.1,2.27,0.05,0.406,21.92
E,16,5,11,12.3,27.7,9.6,2.98,0.149,0.481,58.31
E,19,4,7,13.67,13.5,7.2,3.6,0.357,0.454,42.16
E,8,1,12,12.37,23.1,9.3,1.63,0.349,0.735,80.63
E,9,3,6,9.08,10.9,2.1,2.39,0.089,0.433,38.99
E,5,0,11,10.05,17.9,9.2,3.65,0.05,0.315,39.52
E,10,3,13,11.1,25.5,7.7,4.13,0.354,0.326,55.94
E,20,3,7,8.04,3.4,5.0,3.1,0.352,0.659,51.17
E,23,6,4,13.1,13.6,5.5,3.41,0.05,0.327,22.07
E,13,5,6,10.82,9.8,6.4,2.84,0.376,0.524,46.16
E,10,5,8,9.44,29.5,8.5,4.08,0.522,0.365,56.81
E,20,4,8,10.5,7.7,12.0,1.88,0.366,0.423,54.18
E,22,2,9,11.34,11.4,5.2,4.51,0.22,0.529,48.39
E,22,0,9,12.13,13.8,11.8,2.41,0.232,0.423,44.21
E,7,5,10,9.98,21.3,5.8,1.94,0.395,0.674,70.89
E,0,0,5,12.34,13.7,7.9,1.31,0.05,0.282,37.58
E,20,5,10,11.08,11.9,9.0,2.99,0.256,0.501,44.89
E,14,4,14,10.94,34.3,7.4,4.2,0.391,0.584,75.36
E,12,3,11,10.57,4.9,6.2,2.7,0.198,0.65,53.41
E,14,0,8,11.48,10.1,8.8,3.79,0.276,0.626,48.64
E,15,5,11,10.31,18.5,5.1,1.46,0.322,0.62,69.51
E,3,4,5,12.43,14.8,4.1,2.03,0.168,0.377,32.32
E,13,2,9,10.26,11.3,7.9,2.47,0.237,0.522,47.71
E,18,6,8,9.99,29.4,7.8,3.67,0.445,0.525,61.56
E,12,0,4,11.28,9.4,8.4,2.83,0.43,0.721,46.2
E,13,2,8,10.24,9.1,4.6,4.25,0.247,0.701,50.67
E,2,5,5,10.36,5.8,4.3,3.96,0.05,0.496,33.74
E,11,5,9,12.52,14.7,8.1,2.38,0.55,0.5,54.07
E,10,6,9,12.18,5.6,8.9,4.38,0.224,0.561,46.74
E,23,0,8,11.47,17.5,7.9,2.72,0.062,0.177,25.16
E,8,5,6,8.86,13.0,10.3,3.17,0.324,0.505,41.95
E,3,2,10,10.32,3.3,2.7,4.13,0.054,0.301,39.43
E,14,2,13,10.73,8.6,7.4,4.72,0.437,0.68,61.98
E,3,4,12,13.18,6.9,5.6,2.81,0.08,0.103,31.3
E,22,4,5,10.53,5.4,8.0,4.13,0.05,0.373,23.93
E,19,5,5,11.46,15.2,7.3,2.91,0.05,0.727,42.04
E,9,4,9,12.89,11.7,8.8,3.56,0.295,0.295,39.54
E,22,1,3,10.43,17.4,8.0,2.82,0.132,0.617,30.05
E,20,5,9,11.48,17.1,9.8,0.9,0.387,0.509,61.26
E,1,4,6,9.12,7.8,6.8,2.7,0.276,0.384,36.07
E,13,2,10,10.55,10.3,6.5,4.03,0.429,0.473,51.57
E,19,2,10,9.42,30.2,6.3,4.46,0.236,0.758,72.01
E,11,4,4,13.0,19.8,6.8,2.8,0.356,0.496,42.11
E,9,1,7,10.42,12.3,4.9,0.9,0.301,0.338,50.14
E,21,0,7,12.8,13.5,8.6,3.61,0.137,0.212,27.33
E,14,0,10,9.78,17.6,4.8,3.45,0.597,0.4,56.17
E,8,2,7,11.28,30.8,8.5,1.71,0.491,0.614,79.14
E,12,1,10,11.98,11.4,3.3,3.95,0.224,0.451,50.36
E,0,5,2,11.57,5.5,11.4,2.36,0.17,0.447,25.28
E,6,2,9,9.86,10.8,8.0,3.76,0.214,0.616,48.97
E,12,5,10,8.06,32.4,3.7,3.92,0.289,0.695,73.35
E,12,4,10,10.94,6.8,8.4,0.9,0.289,0.53,61.57
E,11,0,12,11.24,15.4,6.8,2.2,0.235,0.437,44.1
E,13,5,3,10.6,21.3,7.6,3.14,0.274,0.519,37.42
E,20,3,10,10.87,25.0,6.6,3.36,0.412,0.392,55.18
E,1,1,6,9.54,20.7,7.4,3.98,0.088,0.57,39.66
E,17,1,8,12.22,21.6,9.9,5.07,0.343,0.524,47.99
E,9,6,10,11.33,8.0,5.1,4.11,0.103,0.7,49.96
E,12,0,13,10.79,9.3,10.5,3.89,0.311,0.705,59.65
E,8,2,7,12.44,20.3,8.8,3.94,0.267,0.622,45.84
E,15,6,7,12.73,10.5,8.6,4.16,0.05,0.589,39.98
E,13,1,8,10.72,26.0,6.9,5.1,0.324,0.739,62.92
E,2,4,9,10.04,24.1,9.0,3.06,0.14,0.493,50.83
E,9,4,13,10.85,13.7,8.1,0.99,0.332,0.662,70.65
E,0,6,5,10.41,42.3,8.1,4.16,0.261,0.423,62.1
E,8,6,9,9.9,4.5,11.6,2.35,0.477,0.459,51.22
E,7,5,10,10.86,11.6,9.6,4.5,0.218,0.53,45.62
E,23,0,8,9.64,4.4,7.6,2.84,0.065,0.525,40.54
E,5,6,6,11.48,6.0,9.8,3.58,0.199,0.406,34.06
E,2,1,5,9.22,14.8,12.0,5.4,0.099,0.271,22.49
E,0,6,5,11.87,31.5,8.2,3.21,0.094,0.311,39.71
E,8,3,4,11.44,17.9,6.6,3.89,0.552,0.549,46.61
E,22,2,6,10.9,29.2,7.1,2.54,0.076,0.318,39.32
E,12,5,7,10.76,24.7,5.0,3.14,0.44,0.612,60.77
E,6,0,9,11.61,15.4,8.3,4.39,0.397,0.573,54.87
E,22,4,9,11.91,12.2,5.2,5.4,0.28,0.27,38.0
E,20,0,12,10.37,2.1,9.0,4.31,0.13,0.591,51.28
E,10,6,13,10.96,2.0,8.4,4.39,0.193,0.542,49.77
E,12,0,9,10.23,13.4,7.1,3.43,0.565,0.383,50.09
E,21,0,6,11.26,9.8,9.2,3.6,0.059,0.378,26.58
E,14,4,16,10.2,8.4,9.0,3.49,0.27,0.461,48.73
E,4,0,4,10.62,5.3,6.8,1.89,0.05,0.679,49.54
E,8,4,7,13.07,34.6,6.9,3.98,0.399,0.524,61.13
E,16,1,9,11.44,6.4,6.0,3.23,0.214,0.774,59.8
E,18,1,11,11.17,25.9,6.1,2.58,0.247,0.518,56.9
E,13,5,5,12.58,6.2,9.1,2.55,0.61,0.303,40.63
E,11,0,10,11.93,9.0,11.9,1.82,0.082,0.565,55.1
E,7,4,10,10.44,8.8,3.3,1.57,0.134,0.666,66.19
E,1,3,9,9.91,6.3,8.0,2.62,0.3,0.24,43.4
E,11,0,11,11.95,10.0,7.1,2.56,0.316,0.712,59.6
E,18,2,10,11.73,22.8,9.2,2.41,0.265,0.536,53.19
E,11,5,5,11.93,20.6,8.7,3.56,0.185,0.591,37.51
E,2,4,7,11.5,20.5,3.7,3.25,0.05,0.4,35.22
E,22,2,8,12.6,16.6,6.3,2.95,0.067,0.273,29.11
E,7,3,8,12.69,16.6,11.2,4.22,0.556,0.687,61.95
E,6,3,11,10.64,7.6,6.7,4.48,0.61,0.495,58.72
E,1,2,5,9.46,28.1,9.9,3.01,0.111,0.353,35.63
E,16,5,8,10.04,8.1,6.3,1.55,0.491,0.585,67.23
E,16,4,11,10.71,2.7,8.1,2.78,0.342,0.521,53.53
E,6,5,9,10.9,3.5,10.8,4.15,0.344,0.472,47.6
E,20,2,10,12.88,18.3,9.7,3.45,0.079,0.587,46.07
E,16,5,15,11.06,16.8,5.1,1.71,0.153,0.625,64.46
E,21,6,2,10.92,13.4,7.0,3.22,0.234,0.433,25.1
E,14,0,8,12.11,12.8,7.6,2.97,0.465,0.479,51.09
E,13,0,6,10.04,4.4,10.0,2.74,0.079,0.39,28.19
E,6,4,13,12.25,8.4,7.4,3.15,0.218,0.591,57.46
E,0,6,6,10.04,21.0,8.0,3.81,0.05,0.323,27.03
E,5,0,8,10.67,5.2,11.3,2.93,0.12,0.268,30.39
E,8,2,10,10.98,7.0,4.4,1.51,0.153,0.557,58.13
E,11,5,8,11.11,3.2,5.9,3.28,0.373,0.504,48.78
E,6,4,11,10.51,14.4,6.6,2.23,0.448,0.551,56.38
E,2,2,6,12.04,7.6,7.3,2.73,0.05,0.431,33.01
E,2,5,4,8.96,10.7,9.1,4.04,0.104,0.494,28.9
E,13,5,7,10.42,13.6,10.5,2.44,0.539,0.577,50.91
E,19,2,11,9.81,8.2,8.9,3.29,0.471,0.362,53.54
E,23,4,10,11.49,6.6,7.6,2.79,0.147,0.333,39.7
E,14,1,5,11.67,24.6,7.3,4.14,0.285,0.481,45.84
E,18,1,7,11.24,7.2,8.2,1.92,0.513,0.46,57.66
E,3,0,6,11.04,10.1,7.9,3.45,0.148,0.409,36.83
E,17,5,15,11.71,14.0,2.8,3.49,0.637,0.455,65.91
E,16,2,7,12.02,16.5,11.3,3.84,0.329,0.448,41.5
E,0,1,7,10.19,13.0,6.5,3.62,0.05,0.683,43.02
E,23,2,4,10.78,13.0,6.8,2.54,0.07,0.239,17.49
E,2,5,7,10.96,22.6,10.2,4.44,0.05,0.349,32.54
E,17,6,8,11.37,11.8,3.7,0.9,0.283,0.377,56.53
E,3,3,1,10.18,24.0,8.6,3.29,0.067,0.498,28.85
E,4,4,9,11.18,7.1,11.8,1.83,0.223,0.389,52.88
E,6,4,9,11.73,7.4,4.9,3.13,0.291,0.738,54.04
E,18,2,9,10.26,11.4,6.1,3.37,0.106,0.366,37.88
E,18,4,4,12.7,3.1,8.3,3.5,0.273,0.57,39.53
E,4,4,2,11.09,14.7,7.5,3.16,0.086,0.383,24.34
E,11,0,10,7.6,9.6,4.1,1.87,0.394,0.451,65.17
E,11,1,7,9.62,11.1,8.1,3.42,0.371,0.511,43.13
E,11,3,11,11.72,8.5,11.0,4.36,0.134,0.511,49.9
E,5,4,9,12.15,8.0,6.4,5.38,0.352,0.494,47.59
E,7,1,10,11.65,4.7,8.6,4.0,0.426,0.494,52.02
E,12,5,9,12.4,14.7,7.9,3.58,0.409,0.375,46.46
E,6,1,8,12.95,14.1,8.7,3.39,0.472,0.616,52.92
E,18,4,10,13.44,5.0,5.2,1.16,0.413,0.721,73.5
E,14,0,8,9.94,17.7,8.0,2.52,0.25,0.697,50.84
E,8,1,6,9.94,18.3,4.9,3.0,0.387,0.335,36.91
E,20,3,7,10.36,19.0,9.1,3.49,0.272,0.694,51.66
E,8,0,9,12.47,2.8,4.6,4.99,0.55,0.654,61.88
E,14,5,4,11.72,20.4,8.6,1.36,0.297,0.75,59.91
E,9,5,8,12.0,17.4,9.2,2.99,0.232,0.459,43.25
E,16,1,8,14.22,13.2,7.7,3.87,0.196,0.608,46.57
E,8,2,7,10.29,11.3,4.8,2.35,0.586,0.543,51.11
E,11,2,10,9.42,21.6,4.2,3.13,0.347,0.622,58.63
E,20,5,12,11.89,8.3,9.8,4.38,0.177,0.596,52.01
E,13,1,12,13.4,6.9,6.1,4.61,0.493,0.41,53.6
E,6,0,12,13.07,7.8,8.5,2.57,0.315,0.398,49.39
E,7,6,9,10.37,40.0,8.2,3.71,0.322,0.658,78.92
E,7,2,7,13.48,6.7,9.5,2.72,0.351,0.464,44.4
E,18,3,8,9.76,22.0,10.2,3.43,0.161,0.76,53.72
E,15,3,9,11.02,29.6,5.1,3.18,0.74,0.512,73.87
E,5,6,6,8.63,2.9,8.9,3.23,0.223,0.243,32.72
E,17,5,10,11.06,22.8,9.0,1.65,0.351,0.651,74.04
E,2,1,5,11.76,15.3,5.5,4.44,0.05,0.273,25.09
E,15,0,10,11.79,4.5,8.6,4.05,0.237,0.58,50.11
E,16,4,8,12.05,14.8,5.5,4.22,0.49,0.622,58.84
E,22,5,7,10.91,17.7,11.7,3.2,0.052,0.514,36.28
E,16,4,8,9.19,18.5,11.8,3.02,0.47,0.639,54.21
E,5,0,8,10.42,3.4,8.6,3.65,0.05,0.477,36.07
E,8,1,8,13.15,3.6,8.1,3.08,0.344,0.621,51.38
E,19,6,10,12.11,20.7,7.0,4.75,0.207,0.569,49.02
E,0,5,2,10.95,9.8,4.2,4.91,0.11,0.592,31.66
E,22,0,2,10.52,12.0,7.6,2.61,0.057,0.211,12.13
E,11,4,10,10.75,8.1,2.5,3.32,0.238,0.542,58.4
E,15,1,7,10.23,11.4,8.0,5.4,0.296,0.645,50.49
E,21,0,8,9.81,9.7,10.7,3.95,0.172,0.533,41.85
E,14,4,10,12.77,7.9,8.1,4.3,0.138,0.487,44.03
E,10,2,11,9.97,30.8,6.9,4.13,0.455,0.598,73.19
E,9,0,10,12.79,7.9,4.6,3.34,0.157,0.476,42.81
E,23,0,7,12.28,11.4,3.6,2.36,0.05,0.366,35.35
E,1,0,4,8.81,9.8,7.5,3.58,0.05,0.456,28.3
F,7,5,8,11.29,10.6,8.7,3.55,0.69,0.563,60.08
F,23,0,9,9.24,13.0,5.4,2.27,0.131,0.393,35.29
F,21,4,3,9.33,13.5,7.4,3.06,0.05,0.302,20.61
F,22,1,6,8.66,11.0,6.7,3.29,0.176,0.351,33.81
F,11,2,6,8.29,29.0,11.9,2.76,0.288,0.476,47.58
F,9,6,8,9.63,3.3,12.0,2.68,0.168,0.591,45.89
F,22,3,2,8.33,10.2,7.6,2.35,0.173,0.333,22.74
F,22,0,5,10.19,8.8,11.7,3.62,0.084,0.41,31.45
F,11,2,7,7.19,27.0,5.1,4.87,0.332,0.538,52.57
F,16,6,6,10.58,6.4,9.1,1.57,0.314,0.338,45.55
F,18,3,12,9.11,20.8,4.7,4.3,0.202,0.389,49.98
F,11,6,7,10.49,23.2,5.5,3.7,0.358,0.467,47.34
F,22,0,1,11.43,7.2,9.5,1.77,0.129,0.179,28.08
F,18,1,7,10.7,14.0,8.0,3.85,0.053,0.317,28.07
F,12,3,6,8.85,31.2,8.3,1.61,0.56,0.485,72.46
F,6,6,11,9.78,22.8,5.5,3.34,0.405,0.332,50.8
F,19,4,7,11.28,4.1,6.3,3.91,0.181,0.345,34.01
F,21,0,4,9.11,20.5,6.6,3.22,0.05,0.265,18.95
F,22,2,3,8.11,12.8,7.2,3.6,0.076,0.149,15.0
F,12,3,6,9.93,22.5,8.7,4.43,0.161,0.558,42.0
F,10,1,11,10.55,7.2,7.0,2.68,0.276,0.322,46.01
F,12,2,4,8.69,12.3,5.5,5.3,0.388,0.533,39.83
F,4,1,7,11.47,9.0,6.1,5.38,0.157,0.587,42.23
F,19,6,8,9.33,7.3,11.4,2.18,0.415,0.422,46.25
F,5,0,5,10.03,17.7,7.9,3.01,0.05,0.276,21.51
F,3,1,3,10.15,12.2,11.4,2.29,0.05,0.258,17.83
F,0,6,5,9.48,8.3,6.1,3.73,0.05,0.379,28.58
F,20,0,6,8.3,17.8,5.6,3.05,0.591,0.391,44.29
F,17,4,7,10.38,7.7,5.1,4.65,0.159,0.542,38.28
F,14,4,8,8.35,5.9,4.9,4.87,0.359,0.418,44.65
F,17,5,9,8.41,18.1,9.9,3.01,0.191,0.461,42.32
F,5,1,6,9.72,19.5,4.3,3.72,0.092,0.282,31.38
F,23,0,2,9.05,6.9,6.6,3.87,0.05,0.335,16.87
F,17,4,8,10.48,6.5,5.9,3.87,0.178,0.317,32.88
F,8,5,7,11.87,8.6,6.0,3.83,0.46,0.434,46.22
F,9,3,8,11.8,20.5,7.3,2.44,0.434,0.509,50.26
F,20,4,9,10.18,15.9,5.9,1.79,0.248,0.488,56.24
F,21,1,2,6.5,29.6,8.7,2.61,0.05,0.289,30.09
F,0,3,1,8.63,18.5,9.6,3.06,0.05,0.383,20.31
F,18,4,9,8.09,8.5,5.9,3.99,0.435,0.489,51.48
F,22,6,1,10.23,11.4,4.2,4.56,0.174,0.244,20.21
F,10,3,9,7.87,14.5,9.9,5.08,0.349,0.256,39.81
F,22,6,3,10.71,16.0,3.9,2.95,0.162,0.56,36.3
F,17,5,8,9.41,5.3,4.2,3.84,0.305,0.438,46.77
F,15,5,7,9.1,7.1,10.5,3.04,0.265,0.548,43.79
F,1,1,3,10.19,28.4,8.0,1.86,0.21,0.416,53.02
F,16,1,7,8.93,5.2,11.2,0.9,0.186,0.32,46.47
F,4,6,6,9.25,11.8,8.0,3.25,0.143,0.336,21.91
F,11,6,7,10.04,9.8,6.5,4.03,0.298,0.462,42.91
F,17,4,8,10.09,13.7,5.6,2.67,0.461,0.497,49.54
F,19,0,10,9.11,11.0,7.1,2.09,0.304,0.532,52.07
F,19,0,11,8.77,6.5,7.2,2.37,0.601,0.435,58.33
F,11,2,8,10.77,6.9,11.5,3.82,0.452,0.255,38.42
F,3,0,3,11.08,22.2,3.9,2.6,0.064,0.238,24.19
F,6,1,7,11.2,8.1,6.1,3.53,0.343,0.424,39.51
F,2,1,5,10.0,5.1,10.2,1.26,0.05,0.471,40.89
F,13,2,6,8.9,15.1,7.1,1.43,0.265,0.491,53.79
F,6,5,8,11.23,6.1,4.9,1.19,0.05,0.453,46.93
F,17,6,4,11.13,28.4,8.3,4.92,0.05,0.557,41.26
F,13,4,4,9.31,13.2,8.4,2.15,0.283,0.484,33.65
F,1,6,5,9.41,16.4,9.6,2.31,0.05,0.37,25.92
F,11,1,7,8.97,23.2,11.7,3.82,0.51,0.377,48.33
F,11,1,5,9.93,12.9,6.6,1.39,0.614,0.452,57.78
F,17,3,7,11.26,11.0,8.3,4.04,0.306,0.341,36.03
F,18,5,5,8.34,6.7,9.5,4.78,0.227,0.431,35.18
F,6,2,8,8.7,7.6,5.2,3.37,0.282,0.447,40.34
F,17,6,6,11.1,16.0,7.6,3.22,0.3,0.175,28.39
F,2,4,4,11.18,19.2,2.5,2.91,0.05,0.166,21.11
F,9,2,6,9.36,15.4,8.6,2.25,0.312,0.563,41.55
F,12,2,6,8.71,9.9,12.0,2.93,0.344,0.635,46.78
F,2,1,6,7.62,17.5,8.7,4.33,0.05,0.417,30.03
F,20,2,5,8.07,15.5,7.1,3.85,0.249,0.445,36.18
F,17,6,9,9.71,10.8,9.9,2.11,0.598,0.528,53.69
F,19,3,8,10.31,44.3,7.3,4.27,0.45,0.594,83.57
F,16,4,6,8.13,9.4,8.7,0.9,0.126,0.445,47.93
F,6,5,5,10.83,17.1,6.3,5.4,0.313,0.413,38.94
F,8,3,9,9.77,18.6,8.3,3.98,0.517,0.395,47.88
F,9,5,8,11.4,12.4,3.6,1.56,0.185,0.477,58.72
F,16,2,11,9.11,8.5,7.2,5.17,0.426,0.396,50.34
F,20,3,5,8.6,23.5,6.7,3.16,0.05,0.313,28.25
F,18,4,6,8.89,10.5,6.7,3.8,0.288,0.461,35.95
F,21,6,5,10.44,17.2,6.0,5.4,0.259,0.379,33.95
F,13,3,7,9.04,24.6,3.2,2.35,0.258,0.314,47.67
F,7,3,6,9.42,13.6,9.6,1.42,0.079,0.537,46.95
F,3,6,3,10.47,12.1,10.2,2.66,0.165,0.445,29.04
F,20,6,9,12.31,19.6,7.1,3.48,0.266,0.358,39.45
F,15,4,5,8.91,10.5,10.0,3.01,0.368,0.495,41.89
F,15,6,9,9.05,10.7,7.8,1.98,0.565,0.438,61.8
F,4,2,1,10.08,18.8,8.0,1.74,0.065,0.381,29.47
F,6,4,6,9.3,8.3,10.6,4.59,0.162,0.411,31.44
F,14,4,7,9.64,10.7,10.5,2.08,0.241,0.352,37.32
F,7,3,6,12.68,4.1,12.0,3.17,0.314,0.53,41.86
F,15,1,9,9.13,14.0,5.0,3.28,0.304,0.262,39.86
F,4,6,7,11.59,10.5,3.8,3.48,0.061,0.405,37.77
F,12,2,10,9.32,6.6,4.0,2.76,0.164,0.38,46.64
F,3,3,1,9.88,9.8,7.5,1.8,0.05,0.335,27.04
F,7,2,6,6.97,24.2,10.4,3.59,0.423,0.501,49.81
F,5,1,5,9.44,25.6,5.9,3.64,0.05,0.322,31.53
F,20,5,8,10.17,16.9,8.7,4.3,0.384,0.365,42.28
F,4,4,4,11.94,11.7,8.8,4.17,0.05,0.248,19.57
F,6,1,10,10.6,9.1,8.4,3.44,0.264,0.591,53.41
F,17,3,7,9.57,16.0,5.3,2.9,0.248,0.509,40.71
F,14,4,7,10.44,13.0,7.7,3.02,0.36,0.402,36.11
F,13,2,10,10.45,20.4,9.6,2.33,0.327,0.342,43.15
F,7,0,4,9.48,23.5,10.9,4.26,0.2,0.44,36.79
F,3,2,4,8.67,13.8,9.3,3.15,0.056,0.267,20.99
F,21,5,4,9.59,5.9,5.1,4.09,0.173,0.283,24.31
F,14,2,8,7.53,17.8,6.4,4.49,0.342,0.518,47.78
F,1,6,5,10.73,18.5,7.9,3.29,0.05,0.107,19.35
F,11,1,9,7.18,13.9,8.3,2.05,0.322,0.263,38.31
F,23,1,8,9.49,9.2,10.5,2.13,0.208,0.426,42.04
F,6,5,10,10.01,9.2,7.6,1.53,0.29,0.461,55.98
F,17,6,7,10.08,12.0,4.4,3.08,0.616,0.442,50.33
F,7,1,4,7.9,6.5,10.8,5.4,0.374,0.664,46.05
F,20,5,6,9.95,19.6,10.2,2.4,0.127,0.446,33.62
F,3,5,3,6.64,4.2,6.2,4.13,0.152,0.1,13.51
F,16,2,4,8.89,7.3,4.0,3.13,0.157,0.664,43.16
F,10,3,5,10.72,34.0,7.9,3.25,0.27,0.253,46.74
F,12,1,8,7.98,10.0,11.1,4.39,0.416,0.326,40.35
F,18,4,6,10.26,15.5,11.7,4.58,0.117,0.373,27.69
F,0,1,3,8.91,11.6,10.7,4.44,0.05,0.346,21.16
F,20,5,9,11.28,17.8,9.3,3.82,0.315,0.562,48.12
F,12,4,8,9.59,14.9,6.3,2.25,0.489,0.633,52.14
F,14,6,9,8.86,11.1,6.3,2.68,0.514,0.394,48.35
F,8,1,6,9.1,8.2,10.6,2.4,0.363,0.539,46.78
F,8,4,6,9.58,13.9,6.7,3.69,0.498,0.212,38.78
F,13,2,7,6.5,26.1,2.4,4.73,0.538,0.55,68.36
F,18,0,7,9.0,10.4,10.5,2.17,0.392,0.346,37.0
F,20,6,3,8.48,2.0,6.7,3.5,0.313,0.564,39.23
F,7,0,9,8.31,6.1,8.6,3.1,0.342,0.526,48.43
F,4,0,6,8.32,34.0,7.7,0.9,0.121,0.351,59.33
F,13,3,9,9.19,5.4,10.6,2.31,0.389,0.539,51.57
F,2,1,3,9.87,16.9,4.3,3.08,0.308,0.361,30.2
F,13,3,6,9.27,21.3,8.1,2.16,0.507,0.414,43.45
F,11,0,10,9.51,13.1,5.6,4.55,0.31,0.287,40.91
F,12,3,5,9.99,19.3,10.4,2.92,0.306,0.507,38.59
F,10,5,9,9.7,9.6,7.2,4.05,0.171,0.531,44.76
F,1,3,6,8.51,15.8,8.0,0.9,0.05,0.459,44.3
F,14,1,6,9.43,13.9,6.6,3.64,0.254,0.525,37.91
F,8,0,7,10.78,17.2,8.9,5.3,0.195,0.451,39.46
F,6,3,6,10.22,10.9,10.9,2.67,0.446,0.364,37.55
F,19,3,4,10.8,32.1,6.1,1.03,0.169,0.334,54.66
F,15,2,4,9.36,4.8,5.6,4.48,0.231,0.283,29.56
F,11,3,6,9.76,18.8,6.5,3.48,0.384,0.443,38.26
F,19,5,8,8.93,11.3,5.7,3.61,0.195,0.533,42.52
F,17,2,8,9.7,13.7,8.4,3.43,0.652,0.182,42.74
F,16,3,8,8.87,9.1,9.3,2.86,0.331,0.694,52.93
F,5,2,5,8.48,16.7,8.2,5.04,0.05,0.429,24.12
F,3,1,4,12.17,13.0,7.2,2.6,0.071,0.455,26.5
F,19,0,10,11.02,8.3,2.5,2.65,0.288,0.46,53.37
F,11,5,7,10.44,17.4,8.3,5.4,0.349,0.66,50.96
F,18,6,4,11.07,15.5,9.9,3.81,0.113,0.402,30.22
F,23,6,1,10.82,18.9,11.0,2.12,0.241,0.591,31.75
F,23,2,4,9.58,4.8,10.7,5.04,0.263,0.273,26.53
F,16,1,7,8.47,2.9,8.8,2.01,0.476,0.631,53.77
F,6,3,8,7.51,4.9,9.2,3.06,0.296,0.513,47.65
F,2,4,2,10.12,9.6,9.1,5.29,0.05,0.127,11.06
F,19,1,9,9.42,13.0,6.6,1.93,0.108,0.329,47.25
F,9,0,8,10.09,12.6,7.6,2.42,0.474,0.446,51.14
F,1,6,3,9.77,19.7,5.4,4.15,0.226,0.303,25.51
F,5,2,5,10.34,25.0,5.1,4.11,0.05,0.368,36.3
F,5,4,4,8.22,15.6,11.3,2.63,0.05,0.277,21.97
F,17,1,6,9.87,28.3,9.4,3.51,0.306,0.414,46.24
F,13,3,6,8.29,10.9,4.9,3.04,0.349,0.1,27.29
F,17,5,7,10.71,25.7,9.9,5.27,0.374,0.385,45.04
F,15,1,9,8.66,21.0,7.3,3.27,0.207,0.597,51.48
F,8,5,9,7.0,19.0,8.5,2.98,0.498,0.387,48.59
F,15,5,7,9.04,21.6,9.5,4.45,0.228,0.44,39.28
F,3,3,3,10.33,15.5,5.2,1.65,0.145,0.336,34.38
F,13,0,6,11.71,6.5,7.9,2.0,0.222,0.372,31.51
F,3,1,2,10.35,31.1,8.0,3.85,0.12,0.281,32.34
F,17,4,7,9.58,18.5,8.4,2.38,0.266,0.621,42.76
F,2,3,4,7.17,14.3,7.8,2.57,0.394,0.187,26.4
F,12,4,10,8.85,6.8,4.8,4.36,0.277,0.488,47.69
F,7,5,7,8.33,4.9,6.9,3.4,0.468,0.274,40.56
F,22,3,4,8.97,14.5,7.9,3.06,0.067,0.232,19.12
F,20,4,6,10.81,6.4,9.7,0.9,0.296,0.477,49.57
F,4,2,6,10.57,19.3,9.4,3.64,0.05,0.1,18.95
F,19,3,8,9.61,10.2,8.9,2.73,0.372,0.487,47.58
F,10,6,6,9.91,2.0,9.3,3.05,0.286,0.6,43.65
F,22,1,5,10.47,15.1,12.0,3.57,0.05,0.489,32.2
F,15,5,6,10.91,9.7,5.4,3.06,0.581,0.261,41.66
F,17,4,9,10.01,7.0,7.5,4.57,0.187,0.28,34.3
F,3,1,4,12.6,16.5,9.4,2.34,0.05,0.302,21.56
F,19,0,7,9.26,8.7,7.0,4.44,0.34,0.55,45.11
F,14,5,9,10.95,17.9,9.6,1.81,0.115,0.459,51.84
F,11,4,7,12.53,8.2,7.0,3.18,0.158,0.428,39.59
F,16,1,3,9.88,12.0,9.4,2.25,0.05,0.266,20.47
F,10,5,7,8.24,7.9,11.1,3.23,0.519,0.677,56.78
F,4,5,4,9.0,9.4,8.5,1.78,0.124,0.444,41.18
F,11,1,9,10.38,9.7,9.3,2.36,0.287,0.472,47.12
F,22,1,5,10.34,12.5,10.2,1.99,0.05,0.479,38.85
F,0,4,6,10.57,18.2,9.9,3.86,0.05,0.1,13.67
F,5,2,2,9.34,9.1,6.7,3.58,0.08,0.391,22.63
F,16,4,4,12.32,3.1,8.2,3.4,0.385,0.481,37.77
F,0,0,6,9.47,9.7,5.7,3.2,0.05,0.21,20.9
F,4,0,4,9.87,16.4,7.1,2.55,0.132,0.489,29.06
F,14,4,4,9.14,9.3,9.2,2.59,0.385,0.17,23.94
F,13,1,7,11.25,24.0,5.2,4.69,0.309,0.45,44.77
F,15,5,10,10.96,8.3,5.9,1.97,0.475,0.319,60.2
F,0,1,4,9.14,8.0,4.6,3.77,0.289,0.285,25.09
F,0,5,4,8.88,6.7,6.8,3.43,0.072,0.51,31.23
F,4,1,5,7.57,10.7,5.2,4.39,0.205,0.257,25.77
F,21,0,6,10.03,6.6,11.5,2.27,0.05,0.328,26.0
F,16,5,10,10.91,14.3,8.3,4.35,0.172,0.421,43.47
F,18,3,6,7.87,16.6,9.0,4.96,0.43,0.496,42.0
F,0,6,4,10.92,6.1,8.8,3.55,0.05,0.437,25.52
F,16,6,5,10.89,10.0,9.8,3.83,0.221,0.59,41.63
F,10,4,6,10.63,14.2,7.6,3.77,0.32,0.363,36.97
F,4,4,4,9.13,16.4,6.6,4.81,0.154,0.29,25.98
F,14,2,8,8.25,6.4,8.2,3.84,0.304,0.477,43.3
F,19,4,6,9.34,20.5,4.5,2.5,0.311,0.394,36.9
F,21,6,2,9.34,19.0,11.9,2.09,0.05,0.235,13.09
F,17,6,7,6.55,13.3,5.4,1.54,0.382,0.3,49.09
F,22,0,1,9.04,4.0,4.0,3.87,0.293,0.157,21.47
F,19,6,5,8.75,16.7,7.8,3.0,0.203,0.515,32.21
F,10,6,7,11.66,9.5,7.6,4.03,0.546,0.214,39.7
F,12,5,7,9.36,10.6,7.3,3.22,0.491,0.636,55.77
F,22,6,6,9.93,5.0,6.0,1.87,0.059,0.523,48.63
F,20,3,6,7.71,6.8,9.1,3.59,0.215,0.214,28.39
F,9,0,8,9.51,21.1,10.7,4.33,0.313,0.601,52.22
F,13,3,5,9.58,5.1,6.4,4.06,0.557,0.327,39.92
F,1,3,7,10.16,11.5,10.2,2.11,0.05,0.218,23.07
F,14,1,11,9.39,25.5,6.8,2.4,0.276,0.504,58.69
F,3,3,2,9.56,19.4,7.9,2.5,0.068,0.1,9.99
F,22,2,2,10.3,8.9,6.4,2.89,0.057,0.302,19.76
F,0,3,2,9.53,29.7,6.4,3.02,0.05,0.232,27.88
F,14,1,5,9.11,18.2,4.7,2.25,0.387,0.369,34.87
F,9,0,5,11.06,25.3,10.6,1.74,0.125,0.632,55.39
F,6,5,7,10.32,6.8,5.7,4.1,0.059,0.519,38.31
F,11,5,7,9.58,8.6,11.8,2.73,0.283,0.499,45.54
F,2,5,5,11.71,13.2,7.0,2.76,0.05,0.188,20.0
F,5,5,4,8.28,5.3,11.2,2.51,0.05,0.201,18.5
F,0,1,2,10.93,2.7,11.4,3.36,0.056,0.403,21.37
F,14,6,8,10.2,24.9,5.6,2.81,0.192,0.29,38.91
F,20,3,7,11.06,6.3,11.4,3.97,0.161,0.363,36.21
F,21,5,5,12.31,23.8,7.0,2.0,0.092,0.255,30.28
F,18,0,5,11.75,26.8,8.9,4.92,0.662,0.494,56.65
F,7,5,9,10.15,15.7,9.7,2.62,0.206,0.481,44.84
F,10,2,4,8.41,7.1,6.4,3.18,0.372,0.403,35.22
F,4,4,5,10.15,21.8,8.2,2.87,0.05,0.265,21.68
F,18,6,7,9.9,14.2,8.2,5.03,0.267,0.607,45.43
F,14,2,2,9.67,10.8,5.0,4.18,0.544,0.318,33.53
F,23,4,3,9.7,4.3,6.5,4.51,0.05,0.258,16.65
F,4,3,2,9.71,10.2,6.6,3.45,0.05,0.262,13.81
F,7,2,7,9.87,27.0,6.2,2.66,0.134,0.389,42.1
F,12,2,4,8.35,10.8,5.8,4.15,0.529,0.486,41.54
F,2,5,4,8.34,9.1,10.7,3.3,0.24,0.576,38.09
F,17,1,9,10.4,13.3,9.7,4.64,0.371,0.701,54.38
F,7,4,8,8.23,13.2,10.0,3.27,0.314,0.419,42.82
F,5,4,6,9.77,12.4,5.2,3.77,0.05,0.334,28.25
F,23,6,2,11.78,5.3,7.2,5.11,0.056,0.176,13.78
F,3,5,4,9.66,17.1,6.4,1.45,0.069,0.19,30.82
F,13,5,6,10.68,14.0,4.7,3.01,0.22,0.604,44.87
F,10,4,6,7.97,10.2,8.5,3.53,0.415,0.392,37.44
F,6,6,2,8.73,11.7,8.3,4.78,0.366,0.314,26.97
F,14,4,6,7.35,15.0,7.9,4.21,0.257,0.435,32.93
F,23,2,3,10.38,6.2,4.5,2.89,0.05,0.299,23.56
F,9,2,8,9.46,28.0,6.0,2.71,0.173,0.4,49.08
F,1,4,5,7.68,7.1,10.2,2.11,0.068,0.442,27.83
F,17,6,7,11.92,4.1,9.6,1.07,0.447,0.463,57.57
F,21,0,3,9.19,5.1,9.4,3.9,0.117,0.222,19.95
F,7,1,8,9.08,3.9,8.2,1.12,0.315,0.585,58.61
F,5,2,3,9.85,6.5,11.9,2.71,0.099,0.408,25.13
F,8,0,4,8.7,14.1,8.5,4.47,0.16,0.42,31.02
F,8,5,8,8.33,11.6,6.4,3.83,0.05,0.491,39.14
F,19,0,10,7.65,35.2,7.2,3.97,0.344,0.347,62.35
F,1,2,5,10.29,13.0,9.3,3.79,0.05,0.344,24.09
F,23,3,6,8.31,12.2,7.9,2.64,0.05,0.276,26.13
F,19,0,8,11.08,41.1,8.4,3.47,0.306,0.449,68.02
F,9,0,12,11.02,22.4,8.0,2.88,0.205,0.451,52.35
F,14,0,6,9.11,10.3,5.9,1.56,0.14,0.457,46.6
F,3,3,3,9.67,4.3,5.7,4.82,0.05,0.508,28.03
F,13,1,7,7.76,3.1,6.5,3.51,0.432,0.402,42.16
F,2,3,1,8.13,16.5,4.9,2.89,0.05,0.265,14.42
F,5,2,3,8.47,2.8,7.8,2.66,0.138,0.186,16.21
F,7,4,7,8.49,17.3,8.7,5.05,0.455,0.29,36.84
F,14,6,5,9.14,45.4,6.5,3.03,0.383,0.318,64.7
F,0,0,4,10.69,16.7,7.8,4.68,0.18,0.473,34.29
F,8,0,9,10.23,26.5,6.2,2.79,0.479,0.531,60.78
F,15,4,10,11.54,25.2,6.0,3.42,0.385,0.693,63.04
F,3,0,4,9.85,16.8,7.8,2.24,0.05,0.255,19.9
F,1,3,4,12.65,6.4,9.9,3.27,0.16,0.269,23.24
F,8,5,4,8.73,15.8,7.1,1.63,0.237,0.469,46.17
F,3,2,3,9.04,13.5,8.7,0.9,0.05,0.439,35.41
F,10,2,5,8.62,6.0,4.5,3.56,0.378,0.456,40.19
F,19,5,8,8.27,8.8,5.1,2.8,0.325,0.531,46.91
F,18,2,11,7.3,6.6,5.1,3.82,0.363,0.42,51.08
F,19,1,6,7.43,7.8,6.5,4.55,0.103,0.486,32.28
F,20,6,10,10.38,19.9,3.7,2.32,0.233,0.512,48.79
F,18,1,8,10.43,12.8,3.6,4.0,0.151,0.329,35.88
F,8,5,10,11.64,3.8,9.0,5.07,0.419,0.562,53.22
F,18,5,6,9.69,2.0,4.9,0.9,0.214,0.4,44.57
F,7,0,9,10.78,10.9,11.0,5.4,0.206,0.389,40.66
F,9,0,9,8.58,5.8,6.7,1.54,0.269,0.715,67.28
F,0,3,4,8.42,7.6,9.1,5.4,0.05,0.332,22.28
F,21,5,4,11.23,16.8,7.2,2.62,0.05,0.207,15.16
F,8,6,11,9.74,18.6,9.6,3.32,0.05,0.329,38.67
F,2,3,10,9.98,12.5,11.8,1.68,0.05,0.204,43.79
F,1,5,4,9.25,25.5,8.5,3.42,0.05,0.454,33.8
F,9,4,6,9.68,29.0,9.6,3.44,0.27,0.483,51.26
F,8,0,6,10.26,24.7,7.2,2.55,0.259,0.23,31.95
F,2,3,5,8.94,30.2,5.0,5.09,0.05,0.453,40.72
F,1,5,5,10.51,20.9,6.4,4.03,0.127,0.349,30.9
F,2,3,4,9.47,7.2,6.7,1.9,0.1,0.1,27.46
F,14,2,4,11.13,7.9,10.5,3.16,0.519,0.57,44.48
F,7,2,3,8.14,16.6,9.0,4.25,0.244,0.489,33.93
F,15,5,9,9.2,27.5,7.9,4.55,0.518,0.713,72.35
F,22,5,8,12.49,6.5,3.3,2.77,0.05,0.179,31.4
F,1,5,2,10.74,12.7,8.2,3.37,0.05,0.145,8.1
F,11,4,7,8.04,10.8,10.6,2.07,0.257,0.37,34.98
F,21,1,4,7.79,15.7,6.7,3.98,0.151,0.369,25.46
F,3,1,5,8.34,15.2,7.7,4.01,0.05,0.429,30.19
F,8,4,4,9.02,16.0,7.6,3.38,0.306,0.358,30.38
F,22,4,9,9.64,12.4,7.6,1.72,0.05,0.494,52.93
F,12,6,4,8.97,5.3,9.0,0.9,0.214,0.322,40.19
F,9,1,6,10.81,9.0,5.7,2.55,0.22,0.459,36.22
F,16,6,8,10.82,16.2,6.8,3.89,0.304,0.505,49.61
F,22,3,5,7.72,14.3,9.5,4.71,0.238,0.179,26.57
F,12,4,7,8.77,3.4,5.3,3.64,0.474,0.479,43.24
F,1,5,1,8.45,11.1,9.2,0.99,0.05,0.221,25.25
F,12,4,7,9.93,7.5,8.4,3.55,0.233,0.277,33.06
F,2,6,5,10.38,17.2,8.3,2.91,0.05,0.316,24.73
F,19,3,4,10.46,38.8,9.9,2.91,0.332,0.498,59.43
F,8,5,7,8.72,14.1,6.9,4.45,0.05,0.539,40.37
F,23,5,3,9.82,15.8,8.0,4.23,0.193,0.159,20.47
F,22,6,3,9.02,6.4,5.9,3.7,0.05,0.376,18.77
F,17,5,8,10.54,5.4,2.6,4.4,0.05,0.468,44.05
F,23,6,4,9.29,30.4,7.3,2.88,0.198,0.258,34.03
F,15,2,6,9.69,8.8,9.7,5.4,0.407,0.527,44.61
F,11,4,10,9.19,6.2,5.9,5.4,0.05,0.53,45.37
F,0,6,2,12.69,8.1,6.2,2.88,0.172,0.326,20.99
F,3,1,8,8.86,23.5,10.0,3.01,0.231,0.37,46.23
F,3,6,6,11.02,24.8,6.6,3.88,0.304,0.456,45.15
F,21,0,2,9.74,6.9,4.1,3.55,0.05,0.429,21.93
F,22,1,1,9.22,7.6,10.1,3.21,0.196,0.558,29.42
F,2,6,4,9.69,16.7,8.7,3.55,0.05,0.24,22.67
F,23,2,5,12.0,7.9,9.8,5.4,0.05,0.248,20.44
F,23,2,6,9.49,8.4,5.3,0.9,0.264,0.37,46.48
F,3,1,5,8.94,22.8,9.3,3.66,0.05,0.411,35.26
F,1,3,2,10.81,3.4,6.3,2.25,0.05,0.261,16.36
F,11,0,10,8.97,5.7,8.7,3.0,0.33,0.592,55.06
F,22,5,6,8.49,10.5,9.1,0.9,0.177,0.248,38.79
F,11,3,6,8.94,7.1,9.1,3.06,0.262,0.417,36.41
F,19,2,8,11.31,12.2,8.0,4.38,0.456,0.454,50.15
F,19,1,8,9.25,8.9,6.6,2.82,0.422,0.346,43.24
F,14,3,6,9.33,17.1,5.5,2.42,0.431,0.502,43.47
F,15,4,8,10.56,15.2,7.3,4.56,0.348,0.714,54.06
F,6,5,9,8.31,4.6,6.5,3.04,0.281,0.599,49.85
F,19,6,6,10.65,19.0,9.9,3.57,0.078,0.234,23.66
F,7,4,6,10.35,22.5,6.4,2.05,0.216,0.437,38.84
F,5,5,2,9.96,5.8,11.3,2.55,0.05,0.428,20.34
F,10,3,9,10.24,9.4,5.1,1.2,0.286,0.493,57.33
F,9,3,6,9.38,22.0,4.9,2.87,0.096,0.434,34.93
F,8,2,3,8.23,28.3,8.0,5.4,0.312,0.286,37.57
F,16,4,6,8.86,12.8,4.5,4.07,0.258,0.384,37.82
F,1,3,5,8.87,16.6,5.5,3.13,0.05,0.393,26.43
F,8,2,5,10.37,18.6,8.4,2.5,0.508,0.563,46.55
F,22,2,3,6.59,25.6,2.0,3.44,0.05,0.521,45.48
F,22,2,4,8.63,11.8,5.6,4.66,0.119,0.239,20.34
F,14,2,5,10.31,8.0,6.3,0.97,0.353,0.49,48.27
F,11,0,8,7.95,10.0,8.6,4.13,0.497,0.684,55.11
F,7,3,8,6.83,12.7,6.6,2.71,0.116,0.486,38.03
F,17,5,3,7.48,12.9,4.1,2.39,0.383,0.213,27.66
F,11,3,9,11.5,24.9,9.8,3.77,0.389,0.301,48.46
F,9,6,7,11.02,12.4,9.0,0.92,0.343,0.361,50.18
F,20,2,6,9.53,13.7,6.1,1.81,0.607,0.447,61.82
F,17,6,8,9.58,7.9,5.1,0.9,0.279,0.283,46.86
F,21,1,4,8.6,25.5,12.0,3.12,0.05,0.299,28.07
F,5,0,8,11.5,19.9,6.2,4.54,0.05,0.148,25.12
F,14,4,9,9.63,12.0,6.2,3.42,0.328,0.517,46.92
F,1,6,2,7.03,30.6,5.6,3.81,0.05,0.273,28.94
F,11,3,5,8.44,20.6,11.1,3.58,0.498,0.538,44.23
F,13,1,7,8.0,7.1,10.1,2.62,0.573,0.534,51.97
F,17,4,6,12.01,31.8,10.8,1.82,0.296,0.55,67.5
F,13,4,4,9.51,5.9,5.6,1.23,0.295,0.348,40.53
F,9,6,8,8.93,12.2,4.9,0.9,0.467,0.421,58.8
F,3,4,6,8.25,22.6,7.8,3.27,0.25,0.296,34.2
F,10,2,5,9.38,22.2,4.9,2.84,0.366,0.71,50.05
F,0,0,5,9.54,24.6,7.4,4.0,0.151,0.336,32.74
F,14,4,7,11.14,14.1,12.0,3.44,0.178,0.14,22.98
F,1,0,2,8.54,6.5,5.2,2.0,0.186,0.304,19.49
F,12,6,11,10.83,33.9,6.7,2.46,0.334,0.467,68.67
F,18,5,5,9.76,6.5,5.1,2.63,0.178,0.575,37.19
F,0,4,3,10.01,7.7,6.1,2.92,0.272,0.428,32.73
F,7,1,11,12.22,5.9,10.3,2.18,0.152,0.254,40.84
F,7,4,9,10.07,11.0,9.1,2.81,0.434,0.59,55.04
F,4,2,6,8.37,10.0,7.1,4.87,0.412,0.231,31.72
F,6,3,7,8.75,8.5,10.5,3.57,0.36,0.372,40.39
F,8,5,7,7.44,23.5,6.2,4.0,0.181,0.386,37.24
F,23,0,3,8.98,22.0,11.4,4.19,0.05,0.138,17.48
F,14,3,9,8.18,8.1,8.4,2.11,0.05,0.39,36.06
F,1,0,4,9.24,23.9,9.0,2.88,0.05,0.165,22.92
F,16,0,7,10.56,23.9,6.4,2.69,0.246,0.569,49.74
F,0,5,7,10.34,8.8,5.7,3.85,0.237,0.494,40.11
F,15,1,10,10.3,12.5,8.9,2.0,0.331,0.615,53.64
F,1,5,2,9.38,18.8,5.2,2.3,0.05,0.1,12.06
F,14,6,9,12.38,16.1,8.7,3.3,0.263,0.299,33.86
F,3,6,2,10.16,22.1,8.8,4.9,0.159,0.513,28.24
F,17,0,12,8.41,18.7,6.3,3.14,0.453,0.402,52.82
